CREATE DATABASE  IF NOT EXISTS `gamer's_valley` /*!40100 DEFAULT CHARACTER SET utf8mb4 COLLATE utf8mb4_0900_ai_ci */ /*!80016 DEFAULT ENCRYPTION='N' */;
USE `gamer's_valley`;
-- MySQL dump 10.13  Distrib 8.0.31, for Win64 (x86_64)
--
-- Host: localhost    Database: gamer's_valley
-- ------------------------------------------------------
-- Server version	8.0.31

/*!40101 SET @OLD_CHARACTER_SET_CLIENT=@@CHARACTER_SET_CLIENT */;
/*!40101 SET @OLD_CHARACTER_SET_RESULTS=@@CHARACTER_SET_RESULTS */;
/*!40101 SET @OLD_COLLATION_CONNECTION=@@COLLATION_CONNECTION */;
/*!50503 SET NAMES utf8 */;
/*!40103 SET @OLD_TIME_ZONE=@@TIME_ZONE */;
/*!40103 SET TIME_ZONE='+00:00' */;
/*!40014 SET @OLD_UNIQUE_CHECKS=@@UNIQUE_CHECKS, UNIQUE_CHECKS=0 */;
/*!40014 SET @OLD_FOREIGN_KEY_CHECKS=@@FOREIGN_KEY_CHECKS, FOREIGN_KEY_CHECKS=0 */;
/*!40101 SET @OLD_SQL_MODE=@@SQL_MODE, SQL_MODE='NO_AUTO_VALUE_ON_ZERO' */;
/*!40111 SET @OLD_SQL_NOTES=@@SQL_NOTES, SQL_NOTES=0 */;

--
-- Table structure for table `address`
--

DROP TABLE IF EXISTS `address`;
/*!40101 SET @saved_cs_client     = @@character_set_client */;
/*!50503 SET character_set_client = utf8mb4 */;
CREATE TABLE `address` (
  `addr_id` int NOT NULL AUTO_INCREMENT,
  `area_id` int NOT NULL,
  PRIMARY KEY (`addr_id`),
  KEY `area_id_idx` (`area_id`),
  CONSTRAINT `area_id` FOREIGN KEY (`area_id`) REFERENCES `area` (`area_id`) ON DELETE CASCADE ON UPDATE CASCADE
) ENGINE=InnoDB AUTO_INCREMENT=9 DEFAULT CHARSET=utf8mb4 COLLATE=utf8mb4_0900_ai_ci;
/*!40101 SET character_set_client = @saved_cs_client */;

--
-- Dumping data for table `address`
--

LOCK TABLES `address` WRITE;
/*!40000 ALTER TABLE `address` DISABLE KEYS */;
INSERT INTO `address` VALUES (1,1),(2,2),(3,3),(4,4),(5,5),(6,6),(7,7),(8,8);
/*!40000 ALTER TABLE `address` ENABLE KEYS */;
UNLOCK TABLES;

--
-- Table structure for table `area`
--

DROP TABLE IF EXISTS `area`;
/*!40101 SET @saved_cs_client     = @@character_set_client */;
/*!50503 SET character_set_client = utf8mb4 */;
CREATE TABLE `area` (
  `area_id` int NOT NULL AUTO_INCREMENT,
  `area_name` varchar(45) NOT NULL,
  `city_id` int NOT NULL,
  PRIMARY KEY (`area_id`),
  KEY `city_id_idx` (`city_id`),
  CONSTRAINT `city_id` FOREIGN KEY (`city_id`) REFERENCES `city` (`city_id`) ON DELETE CASCADE ON UPDATE CASCADE
) ENGINE=InnoDB AUTO_INCREMENT=9 DEFAULT CHARSET=utf8mb4 COLLATE=utf8mb4_0900_ai_ci;
/*!40101 SET character_set_client = @saved_cs_client */;

--
-- Dumping data for table `area`
--

LOCK TABLES `area` WRITE;
/*!40000 ALTER TABLE `area` DISABLE KEYS */;
INSERT INTO `area` VALUES (1,'Hadapsar',1),(2,'Deccan',1),(3,'Bandra',2),(4,'Dadar',2),(5,'Gangapur',3),(6,'College Road',3),(7,'Model Colony',4),(8,'MG Road',4);
/*!40000 ALTER TABLE `area` ENABLE KEYS */;
UNLOCK TABLES;

--
-- Table structure for table `brand`
--

DROP TABLE IF EXISTS `brand`;
/*!40101 SET @saved_cs_client     = @@character_set_client */;
/*!50503 SET character_set_client = utf8mb4 */;
CREATE TABLE `brand` (
  `brand_id` int NOT NULL AUTO_INCREMENT,
  `brand_name` varchar(45) NOT NULL,
  PRIMARY KEY (`brand_id`)
) ENGINE=InnoDB DEFAULT CHARSET=utf8mb4 COLLATE=utf8mb4_0900_ai_ci;
/*!40101 SET character_set_client = @saved_cs_client */;

--
-- Dumping data for table `brand`
--

LOCK TABLES `brand` WRITE;
/*!40000 ALTER TABLE `brand` DISABLE KEYS */;
/*!40000 ALTER TABLE `brand` ENABLE KEYS */;
UNLOCK TABLES;

--
-- Table structure for table `category`
--

DROP TABLE IF EXISTS `category`;
/*!40101 SET @saved_cs_client     = @@character_set_client */;
/*!50503 SET character_set_client = utf8mb4 */;
CREATE TABLE `category` (
  `cat_id` int NOT NULL AUTO_INCREMENT,
  `cat_name` varchar(45) NOT NULL,
  PRIMARY KEY (`cat_id`)
) ENGINE=InnoDB AUTO_INCREMENT=4 DEFAULT CHARSET=utf8mb4 COLLATE=utf8mb4_0900_ai_ci;
/*!40101 SET character_set_client = @saved_cs_client */;

--
-- Dumping data for table `category`
--

LOCK TABLES `category` WRITE;
/*!40000 ALTER TABLE `category` DISABLE KEYS */;
INSERT INTO `category` VALUES (1,'monitor'),(2,'mouse'),(3,'graphics_card');
/*!40000 ALTER TABLE `category` ENABLE KEYS */;
UNLOCK TABLES;

--
-- Table structure for table `certification`
--

DROP TABLE IF EXISTS `certification`;
/*!40101 SET @saved_cs_client     = @@character_set_client */;
/*!50503 SET character_set_client = utf8mb4 */;
CREATE TABLE `certification` (
  `cert_id` int NOT NULL,
  `certification_name` varchar(45) NOT NULL,
  PRIMARY KEY (`cert_id`)
) ENGINE=InnoDB DEFAULT CHARSET=utf8mb4 COLLATE=utf8mb4_0900_ai_ci;
/*!40101 SET character_set_client = @saved_cs_client */;

--
-- Dumping data for table `certification`
--

LOCK TABLES `certification` WRITE;
/*!40000 ALTER TABLE `certification` DISABLE KEYS */;
INSERT INTO `certification` VALUES (1,'DAC'),(2,'DBDA'),(3,'DMC'),(4,'DAI'),(5,'DITISS');
/*!40000 ALTER TABLE `certification` ENABLE KEYS */;
UNLOCK TABLES;

--
-- Table structure for table `city`
--

DROP TABLE IF EXISTS `city`;
/*!40101 SET @saved_cs_client     = @@character_set_client */;
/*!50503 SET character_set_client = utf8mb4 */;
CREATE TABLE `city` (
  `city_id` int NOT NULL AUTO_INCREMENT,
  `city_name` varchar(45) NOT NULL,
  `state` varchar(45) NOT NULL,
  PRIMARY KEY (`city_id`)
) ENGINE=InnoDB AUTO_INCREMENT=6 DEFAULT CHARSET=utf8mb4 COLLATE=utf8mb4_0900_ai_ci;
/*!40101 SET character_set_client = @saved_cs_client */;

--
-- Dumping data for table `city`
--

LOCK TABLES `city` WRITE;
/*!40000 ALTER TABLE `city` DISABLE KEYS */;
INSERT INTO `city` VALUES (1,'Pune','Maharashtra'),(2,'Mumbai','Maharashtra'),(3,'Surat','Gujrat'),(4,'Ahmdabad','Gujrat');
/*!40000 ALTER TABLE `city` ENABLE KEYS */;
UNLOCK TABLES;

--
-- Table structure for table `customer`
--

DROP TABLE IF EXISTS `customer`;
/*!40101 SET @saved_cs_client     = @@character_set_client */;
/*!50503 SET character_set_client = utf8mb4 */;
CREATE TABLE `customer` (
  `cust_id` int NOT NULL AUTO_INCREMENT,
  `fname` varchar(45) NOT NULL,
  `lname` varchar(45) NOT NULL,
  `mobile` varchar(45) NOT NULL,
  `addr_id` int DEFAULT NULL,
  `bdate` date DEFAULT NULL,
  `user_status` tinyint(1) DEFAULT NULL,
  `login_id` int NOT NULL,
  `picture` tinyblob,
  PRIMARY KEY (`cust_id`),
  KEY `addr_id_idx` (`addr_id`),
  KEY `fk_login_id_cust_idx` (`login_id`),
  CONSTRAINT `fk_addr_id_cust` FOREIGN KEY (`addr_id`) REFERENCES `address` (`addr_id`) ON DELETE CASCADE ON UPDATE CASCADE,
  CONSTRAINT `fk_login_id_cust` FOREIGN KEY (`login_id`) REFERENCES `login` (`login_id`) ON DELETE CASCADE ON UPDATE CASCADE
) ENGINE=InnoDB AUTO_INCREMENT=6 DEFAULT CHARSET=utf8mb4 COLLATE=utf8mb4_0900_ai_ci;
/*!40101 SET character_set_client = @saved_cs_client */;

--
-- Dumping data for table `customer`
--

LOCK TABLES `customer` WRITE;
/*!40000 ALTER TABLE `customer` DISABLE KEYS */;
INSERT INTO `customer` VALUES (1,'Shubham','More','9822545458',1,'1998-07-01',1,2,NULL),(5,'fefef','ngfn','24353',NULL,NULL,0,32,NULL);
/*!40000 ALTER TABLE `customer` ENABLE KEYS */;
UNLOCK TABLES;

--
-- Table structure for table `distributor`
--

DROP TABLE IF EXISTS `distributor`;
/*!40101 SET @saved_cs_client     = @@character_set_client */;
/*!50503 SET character_set_client = utf8mb4 */;
CREATE TABLE `distributor` (
  `distri_id` int NOT NULL AUTO_INCREMENT,
  `fname` varchar(45) NOT NULL,
  `lname` varchar(45) NOT NULL,
  `mobile` bigint NOT NULL,
  `addr_id` int DEFAULT NULL,
  `login_id` int NOT NULL,
  `picture` longblob,
  PRIMARY KEY (`distri_id`),
  KEY `fk_addr_id_2_idx` (`addr_id`),
  KEY `fk_login_id_1_idx` (`login_id`),
  CONSTRAINT `FKc4y9tu7nqmekjdfdkmyx8ruqc` FOREIGN KEY (`addr_id`) REFERENCES `address` (`addr_id`),
  CONSTRAINT `FKtolf1airijh4bfk9bdjfuiqee` FOREIGN KEY (`login_id`) REFERENCES `login` (`login_id`)
) ENGINE=InnoDB AUTO_INCREMENT=6 DEFAULT CHARSET=utf8mb4 COLLATE=utf8mb4_0900_ai_ci;
/*!40101 SET character_set_client = @saved_cs_client */;

--
-- Dumping data for table `distributor`
--

LOCK TABLES `distributor` WRITE;
/*!40000 ALTER TABLE `distributor` DISABLE KEYS */;
INSERT INTO `distributor` VALUES (1,'Pranita','Shinde',9423340553,2,5,NULL),(2,'r','',0,NULL,20,NULL),(3,'raj','vat',334535,NULL,22,NULL),(4,'mahi','thala',5468421,NULL,25,NULL),(5,'sky','surya',2359562,NULL,28,NULL);
/*!40000 ALTER TABLE `distributor` ENABLE KEYS */;
UNLOCK TABLES;

--
-- Table structure for table `expert`
--

DROP TABLE IF EXISTS `expert`;
/*!40101 SET @saved_cs_client     = @@character_set_client */;
/*!50503 SET character_set_client = utf8mb4 */;
CREATE TABLE `expert` (
  `exp_id` int NOT NULL AUTO_INCREMENT,
  `fname` varchar(45) NOT NULL,
  `lname` varchar(45) NOT NULL,
  `mobile` varchar(45) NOT NULL,
  `login_id` int NOT NULL,
  `certification` int NOT NULL,
  `experience` int NOT NULL,
  `picture` longblob,
  PRIMARY KEY (`exp_id`),
  KEY `fk_login_id_idx` (`login_id`),
  KEY `fk_certification_id_idx` (`certification`),
  CONSTRAINT `fk_certification_id` FOREIGN KEY (`certification`) REFERENCES `certification` (`cert_id`) ON DELETE CASCADE ON UPDATE CASCADE,
  CONSTRAINT `fk_login_id` FOREIGN KEY (`login_id`) REFERENCES `login` (`login_id`) ON DELETE CASCADE ON UPDATE CASCADE
) ENGINE=InnoDB AUTO_INCREMENT=14 DEFAULT CHARSET=utf8mb4 COLLATE=utf8mb4_0900_ai_ci;
/*!40101 SET character_set_client = @saved_cs_client */;

--
-- Dumping data for table `expert`
--

LOCK TABLES `expert` WRITE;
/*!40000 ALTER TABLE `expert` DISABLE KEYS */;
INSERT INTO `expert` VALUES (1,'Asif','Shaikh','9876543210',4,1,5,NULL),(2,'Srushti','Bhilare','7895463210',6,2,3,NULL),(3,'Vinayak','Mali','7218564598',7,2,5,NULL),(4,'Vinayak','Mulkarni','7218564594',9,2,5,NULL),(5,'Vinayak','yewale','7218564594',11,2,5,NULL),(6,'faiz','shaikh','7218564585',13,3,5,NULL),(7,'satish','raje','525',14,2,4,NULL),(8,'harish','raje','345345345',15,2,3,NULL),(9,'Bakul','Joshi','345345345',16,3,2,_binary '\\\0JFIF\0\0\0\0\0\0\\0\0	\Z\Z\Z\Z\Z( \Z%!1!%)+...383-7(-.+\n\n\n\r\Z\Z---------------------------------------------------\0k\\"\0\\0\0\0\0\0\0\0\0\0\0\0\0\0\\0L\0\0\0!1AQ\"aq2BR\#br\3CS\\$4cs%\T\\0\0\0\0\0\0\0\0\0\0\0\0\0\0\\0&\0\0\0\0\0\0\0\0!1AQa\"2qR\\0\0\0?\0\\.;\\0+|\*LM\0\jG\\\\X\'+}\\\^\ߴl\].TXi[\\N\Jح\"\4\]\r\mmWn#\\n_heۇ\\Hf-cCTZ\$QbE\\\\=\"\MMES%Xk\̭cv1\Jb&\Z\mq+X3*M*g\S\)d|0ꬃ\웩pc\YfJ?~\0\">9l\͐K\reƤ7U$*	\0\8&U*z/Lm\\ՎUC	(Ξq|W\\9ĺ9Rf\dH-̿GXRd_\#LiL5\\5i+|\\z\0\0\+\\\~=V=\*6x_G*\\*\\`\r\4\0ڟ17,t\oe&\:N߻S`!w\'ɉ,\Z<\e\MsM\⺔,	?|4KE\n|=!~\\i09o)k\sXZ\\'0\"!_s_b\6\<Lz|\=n\\nLY\qLf)\t:\\U.[G5-\\\YG4e\\e\2\'&/F[\e\b\]n$y2:$DMi\\\5~JbG~\L?;E\#疽:\\ai\8\\Qo^\@io\s\\Z\'X\Z9Vw$F\"\wYڄ\\J4\\>a#ostte;.׃WF79fn-)QP0\qcYyDE\趀\=*\\}/\\/\8\\6a\l7:q1j*ζ\lu\M\\)*TY+\/b4)7\s31\x\$B%-!#\\	xB\\Z|H\ֲ[n4\`/l:K0\oщCo\~<q,\Z2\5\yl_<ȿ\\`\o\ 7F\qPah\L\\<\n8_\:QI\H!\r\0\3Yb\"-\n\KHwl\Z<t,\x~\\\riY-\[\\\K+1^ִhR\']n\\o\\\n)κ߯OC)f\AHn F\-0{E|\\Ԃ,\\(b;A\0\\\\;\'YO1=\Ӂ\Z\4ӌ]4\-aX:\\{oRUJWFԍqUadm\C\Ne+\R6\| +ذ\2H\\op?_dŴJ\</D\e\;Ƈ\Ղn\06\o.\W\nt;6\\0(rr\\Z\ns;-8*o\\\\\r#\ f=0\\"&\|?\~0K2-RS}\ L\\%ْ:|\"yŵþ\0i\8i$\[|XqDsa\qz\ݖ[@6\c\\:uz\5\\0\É:\\\4r_W1\ӞwR\;y\0z\h\a?\S.\8\rTf\/.ҩn@a\z0ʚr\\0hZ\@N}ߞ\r\E\䮶o׬O\'ԁ0^Q0\0lg4\Xw\tSbHo(cBF#bbTm\oׯ\\HR\oX\H\(U6ۑF\xAF\vQ\\-J\O6\~]Er\\\\50l\\*Y[|I*e7\0\0\n\r1eXi8{-AYP\\\:\\Z\L\>]\cPQ\/\0\Xu-eK\\\F/\J^\\S<hЃth\\E\(?=t\wZn#0\\c\V\[L:N\%4m{V6\>Dq\9^m\-s\r\NQͼ?:0C\`\01\-\\<\K\\\\ZtiG=\v^)qf\\%LMGw01\4\n~ŁZ@KQZYH\$2ӿ=<a_D\^ݧ\\\̩@A c+FQSoia\Bn\\\\\ps\r}c\*`\J\u|\"d\\\\!ET/\H\'Ndwi2\n:h\jtf\-\.oX1a8Yf?\(\-\\&X\&HbḢf#\L7\i&D󵊹\n0\jgA\Z n\0/Ȩ]V \\(\0\8V\ui0\0h\\t\\\M\(EN>\\ZdQnz6\\\rc{.\Ez:&\rp\Za\=\>]\\,M= N\\^ck\9V\o[̣oD\q\\H9K\;~~	&#\S~qRT>W\8^\\\*0I\0i/\ߜ8\\\He\Qm\A\\\C\*WI~\'a\1*\7\Z\\l|[@\\rJ*\;ڨ\7=-ÄAa\\l6k\W\i;\ӵb|snH75t\\\9No\0{\T5И\Ͱ\_QX\01u⤌@\V1G2\S\N\0\+SX\\6&\u ~\+{3cYJ\s\!gF;\y\6\"x}5xD\P\n\\\\Ȕo\Z \*@{~QbX݉|8\\3\\.Mą\\\\c\0F\Ӽ\0m*\[ǃYA߸zST\?(gJV7jkk_\Z-Qe=-s^\0\=ЏC~B9\0ֿ\9O\\1mq\J\\AS\\$\6\Fq\\Z\\\\\m\\օ\\"X<5+%#)\9Pp6\\0nY\\7U1t\d:pAѤY\n\A\0!YgHew\p\\\@6(I駖\\ϏtX\5򊲉\D3oϕ$Ӿ\\\\\-\\=A\\\\̩\0\:5M\\2&\>1k̘Ѫ~G\#0\c~!{\xi\xZ*\j\\N;3z\0xY;.\@4d5\\7\ \\re-|\\	5_k8ɘHD։c\ZֽO8\5|4q\<A\B\,A,\0\n#29\XhQX@ \\˻˹M\\.\\D=\Ou\ŉ\(yDܮr0>Q\F\\\\xT\bv9F\-ŵW\Z\xDq\\\fH\\*X9CnjO#\\*.X}i\\\0xӇؼ\o\"?l\\ВTjLC-{$$\\\Z\u\\\%6HhfsW\rsE\\rI:\\b\\1SH\:GjQ\!<!Sqc-\rch1Ap\vaaz\\\\Z\\\\[\c\0o^Q].x[h \L\eo\\6a\a;N3)1\"u0g\<XL+-,\}\H\'iWO\҆5SkGvmO\"\~&ʺ\\Z\\\0*2*\싋ht\\*12x\\h1l-m8\&\^CK`2\<o\i\0kꋱ,\\(^\'CoY$\\s\\T\ ԰b/bXs[1N]]:av#}\r\kpT\\s\{Mb@׏\\֊\=UH\"\HmH6\\0x&\rF\;m:\o\!1H\A~^^i*Tp\ǻ_Pn\a|ֿ\\\aTܓ\xGT/b\a\0_\&\'M\0o\S\2\\\<\1\\\0;w\Q\\/QpN\\\k\n\U\Iǁۗ=.-߁jn:C\\0\\r\QH,J\\\0`E͛\|\\=&ۀ7\'s\@cKl\j4:\f#2\3Ӿ\>\{J\L\\\\E\Mb\t>9J\\p#zK\\e؂p\xnb`5#ԩ^p\}\Qn\_+~ \r M\\毽*`\*\;D=z\ZS#\J\@6\\Ǉ\}6i\y\_\a\Z\\0e$v\\{G\	dv&:q`=\\\\ӻh)?u{2\bU\"\YC:^-\Ǖ\\r (\/VXO\r\}o\N`)\;s\%YMqR\\\\\\\\M\ZB0\0p\\f5G\i\I`V\O`:\\0#~\ZEP\n<Pl;\@mhA\\\\Ao\\\s\\4~T\\MlڃCUD7߁ej\\\:\.~h\\0y~8̻v\0Q9\˔c6Lj!97\e\,Dep\\'7S)\/|Y|\\Gs\\s\ج\,R\r\,\\\\P\'DW\X\;mS +\xZ\"\0I\\~E \;Α\\`5׿}<\]2:\\^\\$jIyQ\\ܦ\\ǳ\({\h\\\n\\\aє|\\`j?\\.h\\D\[R\\!IV7\0\cBJ\_z\\\>bZq:\#\_M\=\ܩP\\\	\Ʈp\< }vۏ̯Ѕn/\ohn[\as\091\<\\f]\z4-ϖ\ʖ^(\$P\"\\,t\eIn\r]Ӕ>Nq&q\\\4\\!CͲ\r\A\\c\M\j6ێw\x\\\-\y#M$\zp:\8q\x\}\(\$pb	ֿ(6	P\r#y@ٌ\[B\B3`5\\FH\A\"\"\cm\\M#),~\"\ܢ\Z7\ӉWmro=b9\\au<yD\%s6ga4Ƞ$\\X\6K><#p4\_\0\X\4\}=\sh?Uya;(\'\\\N\˲ܛ\r,\k`H\"G`V݉\bH\ה\-\\'_(4\'v?\L\+\=\Z:iOc\kq\\4\\\/ﱱD3Kvi[\o\\\"! %\\\"\\@\WVA\\!\`\:-怕j0\/dn`UWFd}\\\xY\2*\U|9V%m\l\\"\\\8|.\AA\;x\'Ewo[%\gF[ʰp\jS\PyM\\\R\\m8\\Xr0\-\gBSSZ3yj&(\k,˶6?#\4LfQs\mmk\\h_gt\f@\\K!ͻ\Pg\r/\ bL\}N\\+*Cr>?\/\\po\0lvڃc\\n\N)*R\ŉs\XlG0\\\@7m;\Ĺ\\xs \v#q\q&r\0]X\:i\qږ\\Uu\\?\06Z\Kj;UN\0\0ؐ\xO[v:^	\1bn6?u#Ǟ\zpE\\\˛96soE*{\\Ū,/Hjgh,R*~x\\n\'Mq\\m\ \'Q,\x\e*\M \Zn%Yf\u_5|=w*͡\X6z\\\0\r\KU\\U]\\Bd\\fS\$>?Olu>\f\\Ї:\>\\\r6\\r\\7\.-\\6\\ȷl!\\ 4\\\-ʫ@\{\\uk\a^\$5 ak\]\/\Բn\ĵB6\ ڍ\\ǳ\f\\q\rG\\Tk!s׌?\ak -{\$Y\'Ckx\[6\ݶ\?Yqb)<\ɷ/\ \Zq(\\\xuJ\5\\\\ô\\\\QXy\n׬E~jO\p\\>^Ej\q\"b9\WN\\p\q>\0A5m!1\S:\0_mc{\ׂK \\\Mi;\~\\\'\a;>\'hde$&ly6\MoCM-R\[\!Z\\\\f-\\H0{j+z\nX\r	\\}u8\\#:&sZ\B}B\\	ز\4J0p}\[\.JE\t\&\6\^|\s:DSG\6re0\gs\\	R\XM`(?#[vO0\h`B\\7]1\K\\[@\\ZR{7^<\K˯#}{dZF	(R`=\><\z*\ٗ\/\\!{ߜJ2bx\Z\%\\0\|x[t9XX0xFCp#M\J\\7q8XD6\(\Z9auq3\n\1\rE<v\rT\?.j\ZX	lڮk\)l,Y\ŷ\}?Z\쟌T(-q%\0vv镮X,-\\0\\\Z\\b\Ks\\B\*D\ M\\a\%\\Z\\\sp\\\8p#@笷H8I\'m<\\\\os_Ɠ_\\\b\+N\͡:?+[_\0O\0t)|c\DVNRd\<\)՛iUf@\K#\}\F|W\Z\IlŎQ5?\\\\F\\԰.v\'\\\\0&\\\6aeGv\M\0_2\\'V,M\\>\\?_uOM\.\A^ֵ㎽r2N\"bJ{o\#P/\XnG\=#q\_\\0Ho\q\!}\0!Kj;+㧆EI\50hx㈏e\4\X\\\\R.vTX\v>06\\ī&˙3\#s7\\,nv\w\fO\v߯\(\He\\\= \\wwYI\ٲ\ %fO\\r\1򭈎=>c\];\\"ac\%w侶>_\\RT\GI2\\r\Ze,?\\-:=8\rVU\1\n<\>K0˅J-B\m{oχ7}a&-R\p&%_|cVo?\0\\'nS⧙)ʜt\\\y\=ұ8\\x;\I\a\Z~0Z?\n\'x\p\a*Ui\b\\dq0tZ\\\\\\01\c:\\:>\\\n]\5\J8EJ\z[#\r\a\k?:zE<rE\_-䨿hp?x\\\_m\"-\\Ґ\D\@\\PЋ\'f\k<<\\wme*M\\;AyǌZ.&bS\7:#\x\fE;\\\'ڔ4.\b_\\0c\\EAZoH\X\0ISR\.U<ɇe\t[\c\8_\ts,+\{˘\+\\\j`G\r.\"x+1s驌\֒I\O\X{Ʃ#Q.\\0o8\0\-1?o\:cT)])\"\rP\\6J;I:\r\/d ,\X猋aDO-U_#iXX\kH\\EIJBrfl\\0nt6\0szs)%I<A+P\\K)wX6׽\0F9yۯɟ)dV\\\\3\n,zK\Z\_W(\MԐG\r7Ӂ\0.hX5]h*ym.H\*\>\&Dh\Ze\\ϧ\<t\y 	gTp\"0O|{)\"qŪ禚@f}*:dM.K~\\yC\\\\\\oz\0\\ǁnaȗq\\'\S߿\\\"\,t\r\\<Lt5\'\\Ċ\\\r\a\\\ĔXQvʧ́߼<a8Tۈ[-\2\6a\"6\\c\\TzO,a\\\(;=Q\B\rF`&2\_o;\\\JQ@\r\\Z=u e\"ۋZ15i\s8A{	\\;[hE\!ut\)C1\xf\:</\w\\\\\o\+\\'\r\7\q\R)\[TSY.%\\n\\X\L\\\Ł#MSX\Z\3=4\\Zc\\<~7q:E#i\G8\eΕ4\q\VoG\_y*?\E#l\\\\p]5\NKM(\-~\r\\\Zh\\\\n\\\r\A\Z돜M\'Bu׍\0h?uR\0\?t ]Ad\\)\\4\I:h~zGk4\;\2u\;\A({\"1P6\_x\\}5\\0{\\\"\x0_^\\1F\ᇣsn\\\χ\+ro\_~\/\\rSd:Q\\_IZ\2m\\\K\\\>T\V\ާ\DGxC:(\:\0)k\=\W\\Ay\\\\\xDs%V\z)R\r\rå\"\@# X>\96\Ѻ\\}m\Q\#\\8i\\\*\(ߎ\mSE\t²4BMd\U$l-L2L\ȫ|\rϖ\^tBs.DA*\\m1I&X\:pO\ԩQ&X\\\娍퍩)]\0h&Ƴ(˹\\f\\\Ai	axҦ;q:X\b4xcK/ׇ+}cT0^Ч\\!)_\g?\mfz\ۍ\\Կqh\ƅ`d5H\\0@m5k\X!1IX\r\}8\,t\@0lu=}t\E\+\j]$\Ub\\\@\v\\\\Kēe\\[{\>0L7K\0i\X~f!L Ґ.\0\߇t@M\n\\H\O~0J}\m7|#\s\0m\xL:H\\\\\\\"\vqۊl1\,4\P˜0\m\_.\x]\|aE%c%:1\\:\ZM럌	e\õXD\YbՅNU9ɤ\)\@\\\\*3lnP;\/Is\nR)΃K\y듗\sMRQ\/gĦ0\9\ebZZw\\e\"*\\\\Zp:v\.{譬ϩ\}\\#Y\\0|Gm\\Z\\xq=Reu\Gji\\Nc\{\G/\\\\0\!{V\M\pQX֑h\\Ao\-/	k5\uEf3@G|x77\0BI	_EL\\v~O\c\\h)Dؼ\^\h\/\,\|\\\A\\xŝx+I{\\xʺ\r=)\\\q\=\D\:?<%\v\Se\-\)\\}\}G8mV&Yi\a?2[S\\{\27\0y(2m9\\\#hYIͧ\:q\hj@\e+Ym\\\\	\f	\L;\^\0SMr4!1@\#o\?\\/-f<E\B3hyxC9\\'ܲ}m\O \FQ\:\s\cErx\x\<gp0k9W3U$뽍\4\&M,G\|#\~>ݕr\\hOPD\\o\E\5\׹Y\\.\\1\\HpS\n\\\r9\\08ju\E4&\\\\\}CK\\\G5D\<\l\\kG3Wb&\kB\\\n4O\<\0\	ƚWP<R\!a06A\x\\0\B]A\h\]pFwO%\[\Wt\K-w܈So}\\`GNWe 4\;¦5\c\Am{D(([S꺱\!\\\\h9\'!E98^\'4ϖ\[\~q7\\ɲ\0(5!\GO2\\QVGSn_\\\\Ŵ\\\7\4w\4_$[&4\|Lz2SE\7\\\\&d\\w6\\LiSR	\0שּ0\h{ⱳ)\\:S\ͶV\\\rl̼w\\c]ead\\QV\ǜ]jYJ\]b\;]-EBP\<X4ʿX@\\\0q5SӚ\\0Փ\vTERCO\\Xp\e\gRa\a\obv\KF\Q\?\Hq%8=o`(s\\\w\\"\\\r|c\\0^,|\>Ǫ_֜\\)=\\Z^Ǚ:\\0y\M\#\\\pGy\B\"ܢm\Z\/Z\Q\\<e\\n\\)\=Y:ü0\\"Z\\DUw\"Rս3Xe\\\qrj\\\w,|\880\\\N4o\%&\Z\8,C0\mX\\>\˯}\\\"z\n\	ѭ;\])tG\#k\\_\\\#ᯙ\7\O:SMF\mtӇ}\6\H\v>P\\\0\rmI*\((@Ћy\͑\zL\1>ڔrv;(])圎O\x\0J\\؞\\\0]A\\e\Z8\?Vi\f\m\\Xm%jRXSoQs a\\0[kƋ$v8ws\0h\\\IIV[|hq=\:yA,e	eS$\\3k/Ҡ>F=5\_\\4h<\N:8ͼ\\q[T^\\\:܃o\|^^\G-\\]\\!\YaG3)M\\m\f\pt^1t&%d\I\i\r:9N6S\\9\W\c+\\\	\7\\,_\,Li·\R<!\\zes\>1Z	P׸\']N7ی>tG3\%ra(n\\W,/i[\sQn4\1t\SbFU\0\Z\9}%%\Q\ \1?-e\wrvm\vk]o\`4=\r\\U&\\3.m\o]_G\t\00\@\0A2/\9nw{u\֙`\{\fl\\5ל?8\t0\Ay2r_f\#@\\/\c\-y3%Nf+Y\c\Bp:wEc]ώ_	icT\\q0[[~\ZDC0(;\S߬[)g\\\F{>yS0\1f\$^\5x\\\sՉ\.m1K.R\IܵYJ:\Ƒc2s,\n&U\9@\̳rG [PlKo\cx\\"@\s\fJ\@\7\\0B\\\t/=\r;ONz\\y%i\\rW\ޢ\\69\0uF#\\^hB\?#|)IK($l<u\ \2PF\N\\r\\.v|t\'\)\ó<F\EȞ}/f;oF5ѩSE\nˁ<#*\\H> \\\0/L~\N\ꐋ\\(-^\|![F\r,|\j mcaxN1\\e\\\\ZR4`bJ\0F*i\Q%u^#.ɗ/˼LWH\=\T,<v+H\rx~\+\\\\,`\)\DǏ4p\\\y)a$6\.<V\\\"i:	@\w=>P\\2\m@\isE\$S{\Tn\\rmU\0\\wŅ7\"\\]\>#C\%1\_.1.b]W9\}S\xV*V#¤V\\1D@ʔ\mc\RH<\pg3)\=1Lɕ\y\e	Aouw~p~U\\ě\\\\\R%]Ÿ\FݯY(g\r\\=0\r}#B\e6\@\\Q7qN^J\\p1\]\mO\6SX`U9\)4:\\uL@\Ey\&17QXPo\\A!z\k\\"i5\qe{5v>%\\5\=\S#,\\xf3cls\\\ɜ,앦[\\X\<\3\+%\'J\0\/\]\X)H-\5`Nf\\-\n\0m	o+EcSpw\HlQah_4T\K\-ۋ\[A4(X|\wG\h\dW60\C7H\\遉ڂ*\\\\\'|Hr\'\\e8EK\Xr\\9@:\f\\e\j\\\\	vB5t\\\\j\\˧\nzF\n\.;pf\:\0<Ez/\e\[\\ZE9Ru\Z\Z\\\-K\;\i\i{\Ì0\\6\H8EiҬ\"2\7\m%?|Z\,2SuC}\IiZmݮO ?_\L\/\Z\|d7\h\\yO-Jb\2g\0˧z\˝y5JzfΩh\,|\D\/\ۥyg%ylaC\\\\}Φ\Ŝ&s\qrV\򃵕bdH\'{F^6\\3l\rH\\B/\RÁ\\l`F\27?W\|\\\xQ5S\\\f\KQG1;D<C\n\"\^\\\W\H\\\\k\n\[\qwyGұ\%\\S@\O\8X7u[r\\+Zǖ\08$\\]|b9m\\F.b	*@\m\^{ S>bq:FП2{a? 9~8<\Ґ4Pq\z\x67ۍG\v*\[\g\"\\7\xB\Z;	QŁ\\Z.%\o\\\)yD*`$\\K-\\\\0\',,\EY\[iH(?S\'#9sF]Em\Ӈ(X`\\\86xfُ\\$R\圗L򽓱\0%t0=&K6Y\\Z׆8\vrX\\UM;\ST\xԩ:7-H%\\9Iu\Z|g\\#\sl{\"\?\~C\\M~>N\\r\b@\6b\_.\Z\\\'\'񲪹\іhǒ\\rƼ`-4 <\\Z\\\0\\n6\%l\4T\\EWMSih\+lt,?\\OD\U>Ǔd3\"<\0\zP\ӏ8\	Ү%,\2%	v\'T\x\~\c0\6MM\K+_Qo/}=`^=\ڊ\\r5\nn~6E6h\\x3+j\7\2A00\0Jj\	\#\(\\=S\\ׄJ{Л[Am\\a\}OS5\0 ݷ\]ǡ2\ǌ\&b8\-\\ )VQc\ni\_řX:\\g0~f\Z\\\Zab\\oU\׬95\o~%\6\\ \HW7,/D\\\\妑I\jAqi;aw(d`@<QhX\\'\D_ZN\H߫\\	/0\׿8V\N:\/~\6K8j\\\0\R[Vy\<h_K8 ]n/({_\r57\\UZQ4\ֶxEccy\0ɘk\\0\\A6\Z#qx;B(\#DX\O(\??\==@ \@z2m޷\OW6Vu7\+U`,\i\A\_x\U94\~\\\\\0\\0~K0Jd>\\o⤊MƆ8[FXi\\\\V\\\\.\\9\\\ѐ\0i\9\#\\\;ϒc\y4Ƌ\O-\JM-2jKKRTC\\`,\\F\\\\r\YgCM<Lmͦka!\2\Z\WhPc\6\0%\4V74忄iz\gV\/\uqC?.:C\| {\6\Cȍ}-Lbu\q1\r\Z\ZM\x\7\_\\rHv \'7dH6oggY߹hx\q\I\\C~^@\:\\\=z>\S\|g\t!\V0\Mk@\\\F\\4\\o>_ha\0\\\Zd氰Q6<\> lf\mKx\\b1\W\Q\<c0ǋ_ʍv\ir\\E)V`ט\\<`vKN8\fi4\\l\\\*\\I(\\0?U\$R5xp\\\\e\\=\\\'\x*D̡sa|1QN\Q\m/\@\0É:?\'8?5\00\\"\xG\el=] ږ,\#H]E\/~-*d-\\H\+e$\_\\Hب(\@*\\U$\\Q\0GsQR\\oX6m\KAM \]ࣼ\>\4\\n\"_\\<s\*\KuGa))\\\¦\2RJ6\\$K:jG\_hR\5*SM2%>|gm5nZmnPX1X\p\iىO\l&a\r\4y3\"HYz\\\\0\	I\F;\M\\g>=*h*Gt(`չk2\c\W^6iV\r#VA:IE@*Yl\r\\I[ks\i\\n¶%LU8i\,\\WD\P\n0[\0\\>~\\Z(ĉ\ʰ:镅\G1KG\pvB\%1Ճ\0J\\Legώw\ IZ\nBް\"ϓkRoOB5ƪ:)Nز\\em-\r\gC\e\]IuI\\*\\\\w+ᘴ0 \0mzwASXhaw~\f\\07ӅŅB\]I\\Q/L:($՚o\0$\\$=ږ\\0\3z#Of,\MPf:yyA.b$[<ae;\6tqa\\\\\,w*F\0\\Ƃt6k\&\"3(\"\\m7\"\\`\$ޥ2\|c͚\}qh3\[\\\\b/an\#)ۂ/\v6\]|\\[]\4oHDǈ\lL/\X\k|`=n7\\S\\te\ljTQH֝P\	kk\}%\\my+\>5\L\\ARM`\\\os\h\]\F0IT\\ \vcd\\nA4\0\S}J\]O#0tX\qIt\a\=\y\\r\D\o뱩|\>j|\\=aF?Br\'\S\;\MH\ϟ\\\0.\=<dʧS\;|\\\.cRsdL\Nc̤lH`\0\\ٵ3h%5=7E0q\\V|2w\n\\\\\\i\5qz7R\\r\d\X1\<q\\G\J><=w磊e\Q=dn6\\\6\<^`]\ۍ>`b.\\p\\I\\#K7_#xf3h3 [߻X*9@O\83\'vRkI<<&e=OF\\q^mm\\\ό4\\&UI .q\R@n\Z\\D\\q\\\\\\\\\|xƑ!Otr^\\\ӱ1\ls&EHTdM[X)\uyC\ܤ5\XL/ia\\\@\\\.}\\Z_)RҔQŷ\_ǎ\\\Z\\~\\_?K\ՙ(,}\0\\'W>I[\o\\ʗ%B	jA\t$I42`Q\\0LG\߉f\5\r\N\\U\\,O\vD\0Y?SU,1O\|R\9\V$p3Z\5\\\d\dI\\zK3g 9Fl\\0[O_\0iY1\\)eP,\Zhm+\0-lɏ8Ef6\\As\\\Z?tXR\q+0\{\\\\\V-\qKK6NC\\^{\:ͻ[m8`\'\_\&\}܎df:G\\\<<x\ҏu8=`1\\\q\\uw0ڣ-#0j\k\=\N\)c~7M.Y\*\Rf=\\yE\Hż\麶\haٔ\o\]\r\\A!Ӆ41\G؝\\ʀ.\'\"\a\}\!{\g \g1\b\\\Z\x\++1k,\\1\\rG@ӛ{_@xtO\46:w^Ĕ\DU\\3V[^Ǳ\h\@\\\hie{L&Wio\\wF|V\\\\FcL\E0jE%<\B\mA\m\qj	\-rW \i\l&%:{r3d(\'@\":\ZT\\&\\_~cx`<O\p+\r-Q̛&\S7)\\\m\Z\.Rx\9\\M(\Z\RL\|,\fU\Ȝe\1MS\\Aj9\=}@iC3v\ov\(\\E\(LmGX&w\*}\rp\r\u}\D\$yL\<տ{\r6ST\ˣ/.\\\l^9~d\6c73\H%4\H;\:\\}S\҆HeñQ8\<E\ef|+iN\ncDn\\\Zv\\\,y\0/s\!>]k\c2cv:\EuM\JW܃\=c(\\\N	5Xb#Я:]\[w40\\Hӂ<n+tr%:_\ۿ񵠄	jr|G\z]ͼ\Ll\\e\X؞[\OX\'ρ\0\z[\\\\\0K\ryk\\-\\\\#\\#\-	\,o2Mf\vW\0\\\eb\nw1\.k\a\q\;R`(\\Mlf\\Ϻ=6%GW:knB\\[rvDwLxr\ayAXN\xv\y\r\B4rٖ]F\0#\4[\p?\$/XRӐ6w>B\\'I4\ϛAdMI<I\6\\\L\}ݻQ\Ŕ\\\ۑi9˧lqb̳r\Q\~c5>0Kˑ,\B̡\~Ո\'t\'S\0f~\"\m	r]\4|;\\R\\|<\O606JS,yR\\0$éf1\\\e\0]Ccc\b\s\礉D\YNK-\lI\\\\Olޏ\\O	 [.\;@\^\%\\\\n\"UN(\ʿ&+*\~\\\0+ԓw\\b}5%-EJ$hX\r\\|L3Q\\Z93\\L;!k\\j\$Vk\A\PX]f!>\;3j\Qy\%Պa9fd\05ڰ\;X\\/\n\\\~Qv\s\\0lm\\6LRQg\'\bw\u[\>0\m-\:ڗGbJO\ma1s|B.efZ9<+=\X\\\E\0\ri\c!~li\\} 4xyAfM-\乿|M\3\E:Ɍ@\Z*4\n\wK\"\FM.)p\M9HX>1q%\\"\\>A06bl\lo\\r\rI\\"\>b+\\+5ҰmA\2E\%\ݤ\Yak\m!>\LM.>ypK\T\'\\!~Td\,Fg/qJBY&\'_I;yb\%n\q7c@nuG`\rr\^:\\t\\'\\'`ed\0~\\}#);>Nk\Acsd?Y,\\aȝ\\ZA_h/\"ʵ>\\\\r6\'0\Ki\2\Ђ1cHZ_[F\jamA\\\\\=X\Z|٪e\,	ձѼ\ٰ\j\"YDZe\Z\m\ʤ\\h&mrלi<fat\\6\	\'̨>p\I6gEi+6Q77\DgUL\j%\Zn\\04-\[\-bSYgaavmI0\/ٓ})Sfp,6\wL\\\eٝ(%\\p\\r|`M=[\\I\\r\O6 7+`\Ն_\XA=\Z\\7a\G\\\\H$\\\I\e\b:\~:Xd{\V\ȖuoVo\ϦS\\\\g Zي\\0yA|9\ڼ,\m)\&e\bu!\\\Μ\wv6>pJ4C~О;X\/nh\Qt`bj\\\t\8\\\\j	\5-+b\f\'\H&\6,\r \\ڋ\\\sc\\\pb\!\\%u$gK\&<a\_C-\\\|{\I_\q\Z{U\w\<9\0\\̳\ \Z\faq\=KG\lGil78%S/}O\\\\Q\\+\\oe\\nK\[\\\O\rNǑ\%gCDEs\8ER}:\R\0`x\=\(\Zd\yo\wx+aUJI;*i\}\O!N#\Ǔ)՗6;B\\'^\n\$\0\1o\\\M#CWQ1K9\\n/˙s!P\le\,\G\fʽ\a;\E\C\iP94P]B\\\'\㚩u3j$\&%\fl\Z<9\fJ/\v\n-\c\\\.Z7\a\0\0UUM޼I\2L:\IMY\=\\^?@\u)Ьf\W*6>>FI솗>*\\\*K7%P|G\=\#UT\!d\]/\n|\bstQ\\\)]6f\"Y\\@\\!h8>U\'iߵ8\;\ɲ\L\9\\\-=\\ns$\\B2)\\ս<:m\\\]\<ٖfAnĀٺN^z\\=B\n.\\\m\\B/&\ذV\yn\\sx_v\r*;5c3\n\\O~\\\yB\3Y+$\\\0\\rG{]\j\\\\\+G\RL\5G\\\R1.w\d9\N;KK\V\\\\ZV\\pk(=\g\&MlBbZJ\T.\\\r_ұ\\UWK\8U\V!|Bt\KH-\0]!UA$*J\H\/^[\auwk7b}<\"TAn]WbREצ\\Z&\D\%8;D\ĐbMBf\\\-\)-.\ݱ?\D`\c\a2es(\\\b\5UM\p\0Y^Йt(*\r\\\)>\\'j[Kw\\k\c\\~LqSP\$\џ\J&\Ka㋟<W@hh\Π\si%|\\\,Qvݬ\'L$bGg:{]\rH\5+W]З(7}DԔ;\Xin\\m\(Z\oէ}kL\-O\\(\0:\4gxϢoN\xf\~\nC-~\~J\0\n3$9uDe[\"Imxd\"\\4%̤I=5Ә\\'%\3vI=CgK06V*\\[\0{w_3It2 \l\֩Rv&>V\NP?Ւ<ajX\x}\\0e@I)e(\\r\B>}\<Dn>/Kgne\\VI!݇\JGD\K\@w*\7$\zM_KS LEDg-4^\m6\ʫs8\g]4{DmV\\!\G\ӑ\.\J0UJ85D\ȑ2j\LW\+\ZĀW\#O\)\JdfRQۜJlH15\\5J\	0_+n\\\n4>QZmS$\7Ej\r\\\\\e\\\\\4׏\)A\\\nc6GWzLHG=/8\i&\J.4\1`G\S\\t>?4:fm U{^\m\Z\"\0\v9|\nhA#\6٦)k\\0\Aq{C!l\v\8W\\1h;ax*\7?I>\:\\r	&=&\q\xlaЂ8h\e6T\0\T|)XM\r٭9{\+t\rFZ	i5\Uّ4\a\\l>:\'\LY\0y\{\0J#\WWM.*l\hA{3e\,\0W\d5sٺS\ΆeʋEnc)OU:|\Z\\\.\\~ᆯѥ<9k\\Z\tf[fݘ\\rc\͉!\'=剿^3wj]UZ\\r-~\'z1T\\W[-\D#\/A\\=6#R\r\\ggXB\1jDܴy\;\\e\W\\\UX^\\;wl\_zUsrW8\zJ(pyF\\Zg~\1M\\GÞ)\v=>y\D0{I\\rm\e]o\t}\0ð\?%Dxń!Lk\\?\a?J(\xMZ\o8\qܾT\\D\&N:M9%W\o{}\R9D\~\"_o\r.h\N([km\\!Ӡv\\U۬qD\(\X:\\gkË-\Ĉ\̏H-d(\#\\1`.k@L;bqW\\̵S&.$^ē>\'s\Esg\U\ف]?\HA\1\n\0Ս\̙uBTźG`V\=\1ލ̧$8w7(\)\*D\e?՝\h.<#\e\zc$ˍ\z1-$\?d\\0XX\\1\f\rc.,|rXTxŴ9\6Vt#\P=\\\n܉\\\\nޤ[\\B\=\'Mg<L2\Yo0\Z|`\F$˖\z)\&\\,\0Gvzrr\\\J߶+^=Q$\]ƙ\5A$p1{>\'\fג\/b\l91mHЙM\\Ēip%U@RH6&\۟c\Ak\Ij\\Y_Cr5\M\f\\g6\sLŝ3֤\\<L0~dc\!iJ3.xh|J\.UzP\\`{nf>\b7\,\0\N$\OzH1\\G\\k\\8U<\\>6>P\\B4n\2(T\\\\\J=\*]T\*qĖ\0z!ץx$\2L[,\\Dq\G\);\\ҧZ\]B\\9S?\nE\tȥJh$\d=I\v^ܳ\\nF{=\	,\)k6[\'\ \'\҄:\p\:Y׫\\0D%a\\Hg\\$\Z\\]\\kh\"W\\\V\I\dE%X\{m\.\\\\\\fW\F$$0\4? y\Bq4R\\0$\V,\\ܯs\R웅ՙe\\0nv7#\^,JP\%8Us\\}\\t\\3kF\6H\k\}\\r<\\%J3_\\tp\WF\,u\\\S\:0*˧3\=\}-\pL\Z\mRW\\6!\\So-[p\o\rn!)rU`2eL\0\Yoh\\\?Qt&B!+\r+^\3|.fD\F\\\È?w\I1eʩ\\l1)\-b\Zt\\\6\bNkf\mC[\\E\#9p+LI-\C<D\\"x.b\.U\\\r~\b^\0Sp:0\\L63~\Y\\\+~\0v\k0e,;H\p\\hO<\e@b)\\\H8>.JDMZLZe]TIiÉ>B\\4jn\\\:kd^ٖV߂\\Fu]i2)\\<czaLh*@\nl\0\\&ú=M\=0\\L\\%IKq!\`]F6v;*IS\\\ټN[/|W\^Tg\"g\I\\K^%}\\	\\\9\\\;\'\w\\\ah䐧\rl\s\\\r/.K]\\fPpʣ\\	%\\\	):`@N\\\<Uȿe|\@?8/\x\0|Lq4ܓ\\W:qٗy\\r?qZ)\)\e^\	@\0<\\\	N\r\\fv>\n\}\=ut\/K\72󪮫\$)\\2!\\c\\'J@%\^H\wfTT\\h\n5f1CDm&Mb\ŇfAON\D\\\\\\"P\k\0#\gSJ T`fou6\\hkmH\8͘Y̵iܓlr{\\a\:_5p1)\`\\ă\\\F3Q&\\Mc\7+iOl9\nDV\\'Ts%G3ocOr\\MJ\a.`$Z-\Z\ihԺB(0S@\f\-)<M\no\ʗgbX\YX\a_4{hj̖!dA\*EP\IX`\n7\k\7\tG_*a\HZ\\6\\0:\p6Za&,˸pU/8\r8~p\VWwo\1Eq\WM.ze\\F_[qh=zu;>B+.OQD\0Z\\`\\"Jc\E\0R\_\\\	\\m<!\q9l]\\\M\\\]\P$j\($8;\\B4\ܛ5:;\ߵ\\\4*Sʰ\'s^{_ŌVq\ʴ%C\c\vƗe\?f--i\\\\V\"eN\uI\~\G\H\0Y\2ek\7F\"\qIC\'\r2A22\sێk\0H\\\`2&ְ\kؐEB\\\eR2\)W[\\_\ZWN\u_\0ɇ\BBqn\J\'\Z\\\[\\Zzr\aXp\O\0[\c)\\'*\q\gSm{=m\K}\"e]b6P|\(\\+a\0\`^	\;ȳX!\{ \dЋ0$0\FC/\urN\у=\]E{ì_\\++\N\U\h\<ྪu+$\Gh\\\4?ҽ\boRddLױG\\ \<H=ºY~4\5i\\D\	Ҵ5b?ۖܣ={\a\l;|#G\q\Wb	o\0: \'\<]F\\\CQ\ٔ#i]\Z\m5]\kXfKu=\Ű\6G\}\\3e-E\'+\\[\xBV}N\+N٤Le\.l\_V4UJ\\\n\0\G:\S*f%5?\ƻWC\'\$*NMؙk1\}\Z1L\\)!\9vf8ҩL3\\Zd4؁\\\"|:c#\$4\v\,5\0]7V\\wͯ;\t\$\S>aOӷg\r\0A)ef\LE1bh2MXW*?AdT/VQ\u\:[\0%L[\[\rH*v@>\\\~(1\]C\";o\<l>4t~d^b?Y|G$΍N< 6\'\wd}\\0i\	\"O1F`dbXn\\wǩ2%M?T_Hmeӎ8̚b\1.|G-R\7,\̖?2LǪ\Jߛ\o=TyC\Gz=OIei^p.4T_3ӜmN]v\@7P}\{\\̳A^cYPX~\\r\=\FX\\!ߕǸl/nJaf	FY=e/(\\\c\\\D:tUc4\\nM\ͮ|-\neݏ2!UK\\\'\Uʭm\\n;\H\\4i_\D\Pf	\`(\\\\.ޘ_\\p&\\rZ$.[~¬	3[yz\w\'\b~:@wȊ͗!4i\o%CoZ%Q\\U2\9a\bǳ\E&~%4veY`b7\|\'O\\\n\K1\\I\'\\!?L}\rXty,+\f>	46bJAvv\n,l<\څRQC/ܒ!/\`\\D\:%\R>L<uo]ń\'Jzj\pܽZ\-\\l\UD\p\Zϒ\IH\0&\\I6\0\'\OQ:d1o_\0,<\\n\'։.Yݟi܂\T\0O{M4ܻ\5\G\$IҦ\W\\}٭\k\ﵜ[\\PyO\0H\\\%K[\\n\'\\f51\\0ytW<\YHP8뭈\\njK4sUW^\H\95ޒ,\\\RN;%DWa[!S}5\"w\Z\\VLG>L\LnA6\mr0!\&V,݆<ų!\0W/K\\̳\\CS5#KQ(\\~=df`\͋M[2\0f鬏P\U\rZZ3?IPO\am\،߯1bY&\9\n_f/)ؤƟ*t\g(S]/,-\ƣ\*[%%T52X\0а˘\\U6>[|,a12zH&\L\ܓeǓ\z2>t\E:3H\1LaqߥjX}Yt\?8\<\Tc;h5\K[,\H\7%|\iSjh\\\Mǔj\\f2eKS/\&Syj>\dS}\§l5iUKKR\\\uSFmT4\\\\\H?Vf\Nາ\06`ްX\%m\]\0Y/Pe\\ɲ\01r[1+J>e$\|B8s.P\0\M)\SԷ*\+q\\ηp\u\\z8\Y\;\\/͔{􌯪U]!\I\厜\\0\bU鿦zo\\\\˿&#x\e\ƑJ\FiJ.mt_\㡃x\'\.\\03LM\\~Ώ\\]Q)ه\G\y,3f;\\$\]X\n\"\<\7F\'PIˡuG\{8\\\{4b=}\4\rz\q*8\\\a>UVF\\b3$L%#L82WRKNNA8{\\)=\\~M+\\5C{\\6|>T**\\n*x\;a\\\\\$\"ʘNt\\GQ`4V)NX%0E)\Z\1NnRP\u`\b^U\;ƼY|n\ˇ\hW(zGVxn8\J,\\TĨ\h\xOİǒo\\'&!ܛ\,m\n͉AzK3g-\\n_p<\\\n޾|ڋOʈQ\A6\{\\-\YM:b\\\_c2@Oh\\\\\"\r%.t\e*f1% \\U\K>)\5or7Ѧ[]\'Cz-*WӪ\p҃\rژFd\3{j쏲E_!\PbRn\\\ux.2rI.\l9ŏp\'\z}A*Kl\cbω#\8B4oik\a}5\l\\3:D\\<\S\XCo\j\8$@\]\0Xefu_޹fpٕS\ȗ_쁫7.P\'\	\#l7In\0,z\'a\"l>\(yz\:zSȧ\0;\^\\\1Q+ōU\\\\њ\܋\O\r\0>f=PeS\؝\"HT\k\D\bGr\@<[\0%Kڞӎ 0\\\0\\0\U;;* 3Q̱{D)(a\\3ۊS.\QG\>\ՙ\;\\0#\W\1\<O\l2:w}\fѮ{2U\&ո?K/o\,b\\*dKP)\%X\\_vd\1ݍ٘<\$\a\m+\0\6KY􅒗\;.rK9%\9f[\0[y\o\i\\<\*{i\mϣ\0ii\S\2Ђc*\f`\0=\|~@\0Q\AF\		NTkx\\\\'n\\0\\yʨQ1By\|A}b%E1-G\\=a류g\)\'\\T%\/\F\\\UJ\͚[q`\SQA򊝢􇤸C\\Δ~\\[\\"%gU:S|\r8z\f\Y\ޔD\\\(fM{?\\\ZӔ\ӚTc*YM\0\\x]>\\DE\w[M:i+сS\"a?I\\'*jk\[1_X\hm8\\Z\\\ϒ\NW\rkW@40\I[ޖ̧)4n\\\˾)ToXN\\)\f\i݊20Ө̚\マ|f\'(h\0\})\r\N\\M\\\\~ɧZ\D7\\</*\UrW[xLiGc?F@Mo\\\5ïI&R\\/W[.]\\\'`\\\Z\ͣ#?s\\nQ˺\4\]\DQ\l\&c)u\\vݴ\\%\\[,\)oA\0(\2,\{\rASģ}_C\ro\)\\u(bC[`\oc[-T6&96L\2Cu\\؃\ÏL^SI\i\ÀЯ\1o(-,g\\8>/%\@\m\K\Ĕwzͺc\)/yD&\\{<9\0tYZYee7V\\\Oө$IX[3;lނ\\nM\<iN79 F:\RuS7fcfRb~|lKWSb\-<M\3-GW5YC)Ām5c;\\%\\\\4\Z\WO	\ĊGAPGuQG:Ey\b7\\pLXR\5*P\\ZE\lHNG7\n\ßӋP\x\xI^S~\G5X]M\t˷.pΑ	83Iךe\n6pZ\E\\\'(m!\rIwQ\O\\jOj9-5]؅Q̓`=a\1>T\H&\\\\_1\}859F\,\"M$\r4\\I\9\0\08@z=\I\)\0i7:(\N0={#\Ret\.`\\'\ʗ|\́QV;5el\\m~\\_\'\}㒥IJ\n{e\숶\/ě\\&\aAKK\b2Ϳ\I9\\W?6#?B/?0{y\/eğO;=u[\0N\0\/aI\]3d\\҇\0\VB;(--vޙȌ\\>\Vɸ\˼\\ױNdu\0؟\\\n!psO\j\Aۙ	co3e\C\\0B\gUm6y\_{G~U \\Hrb_a~\\68X;\\#\Ueug\7\\r\n\0Vك?~yYʹ}cҖ4\mx\U*u;\\\~\VСӟ\N g?\n?\\v\Ed\\[\"\nvt7o\Z_G\\fe\'\\Lc20\Ns\\FҺE\Bh\*\Xmf\8D}T*o:x\8bǋ*\;\оW<L\H\\R\0|P|Y\j]%r\'TKF?Ro\?\\)Ui\up\\͢<`}\E$\$y\\\{\ \\\ڇk[4\\[\r\\\\0>\\\\`Oi\\;v\n[\	ʚGNg\V#L.dc┦\i\;+\'ʚ]mP\0IB\\Mh<9\\0?i8 }\M\wE\5jN<}/)NQS*3+\\gҬ\\ʹ\{[~~PN\R%Va\\\=ke\٥\\&zIRN\\	\4/eU{vg\PH>`0\Zٟ\^A\k\Cf5O1w.a\V`\-O2d\Z\7\\bTM*\\ԫkԆ8JWPlwD\/wS\n|q)[حWUZ\9\nyڟqsڥ\'W9I\lⰻ\iUM;,\\\\DTIV?@V\JL\\$\\'n3|/\r\$I;左t?eXu\\sz\6Xk\YB|H+U%\\ETYs\I\\0\Lh\\P4k:S\\rqa\#1\0l9\r\\\\j)f\LPΠl\)\scqC1*\\(\\\r\\NeDRwIkkwٕނ\Ե$?\kuo0AL\"t\\ommA\{TKB:F\'8(l9is\\ZuV+]\-\Ȳ:e\\O\\I\m1l	Ÿ<A\\\ZYv\_MZq$\\"ܲL\'~\;\xAl[\f\)\ \r\\oa=\4\\3DT\\Y5š\TGe;\F	:\Qf]eb8f\Ǹm5`m\\Z\GzOES,K\-,\\i\c3%\mJf[\:pkߜ3/,eL)Y\W\s?K\[άu|Q\i{؆yS&?V\\lNl\g-~軋>D6d!9H,\\WJ.4\H7YK\6 ނgX\%\;\0\hα/n5	\A4&\\ZQ\%\H!G\"`\,=\0p.`\Ձu+e\1*pH\{l\2:*YsUΙη>B\0(ϗ\K bISYM\\ M0nc2\H!\Ua\~pwY.\\'ʠOH,w~ʏ%_ꁾ\0\6Z\I\\\W\\oz\>a9Z\4/c5}]MF+JO,\E\Q\Dͮ2UcQ`_C:U	u2\nK\nS@\\ū\|\\ߘ\σ\,<2\ f!@\&z9\G9/$x\I<u,j\:\Aikr\\\0\'|\o]\%$\0oas\VTF\\-;5-\\?f)mC5\q{|\g%\|\\/Ė>B\02!\neSO}9of>\'c7\\\\\'6\1$!i\\"(pYt\G/\sŇތ׆T_#VԤ\}\P{\w;Ȇjץ,̺t\0f\0\ܹG2À>y\Z{f?t6<\#K\h[\n\"5d8pO:f\\\ʹ\J,ʪ.\@c`=H̴8JөՕd/5o\2.\-Q>t\c/vQ\Qk?Ҫ\>\9޺\\F\W\nʓ[\O%[33}\-\'>\q%R.\\YcG\F[ h`JO\͝g!{)o 	4>;0Żj\ư̲\\7\`O\A\X\1ʃWW6blǦQ\Z&Fu~\ά\'\0d\\\\\3~\&*Q8\\OTX>Vw\_iGLdzY|\\nq\:r\J\wVn\s-\\2/F\D\zgXմ\Y)\yc\`i2D\0iPfAl\^<H\\\\Ԛ;6QcvV3T\\\fV4ʳ9\\dҺ\64\\\\2=P]\X!\\3zֱW,\fR}\\0C/k\0G*oX\\!:\T4\,\{\Z\.\0ꄳl\.\	\\nm*\n\ȓ9Y\c4޹Yv!Fl]wX8K%zē\\l\̰\HιzÔ\\恞f\\b-{\\21O\uЈQ&\VYO:H:KH7\0\o\K[\Q,3/Z\\\\\xV\ȑ%]\Z|#\nUT\x^\(H0\	쌬\6!\[Mi*qL-\'b2Ã-\r\Z5r\C2\\	S}vM\'\^!\V\FuWbw0e\Z\\+C+4\\#\T9\\P\:5\U\O1\78?S[=2\^|\޳k\r>\\\\\\\	VBO¢SKVL\nigim\\-f*GmB\!Y9u\\nxrLʻ\\\5{\n4)l\/\Fecc\{\0\rE;\b\!uץ\\fH$vgf\'S\/w\wI(\\\^\Y\{7\k>\qΦ&\TP5y//\Y=\~W.oԾY\\\r\m\Du\\U<;,F_Cuq\Z V;#\e\\\2sKe\Z,\0\m	\ZE\zw6\S[ֿ\FC[!\#A\\n)\\vU缹6Su7oh|\\\s\\\Mݓ;$):{\s):XP\̴fGqd\)͘yWNl!El\Բ\ݫ]oƞOFW\9Yh\ng\7}\,_@u\Y.l\O,\HtJ\\:\\E\\M \\h\}#S\dދtʢjs\7%\/z\6zofZZL^\\\\\c\j\\%\\7`\\\=6d\6YE)\\70ZNi\0whI\\\pkFA\qnq\"l,\0͡\{#(W&T.Z\\\0{\o=\72!;\_\h`\rv36d\@On\0zaa\Q\b/;\M\\cΉ^ç^\Lt?(\\GĈ\"MԸz#عj\լ }H\J\r2\Iym\b\\.-{\qn7\ZZ+K?tYUT&fV[-\\6OQ2935leW:Le\Z\\[M\=0\w_\=	\\yw\&cc.\"VΚ\K\0\0\\4\h\<aE\91a鯬\2\\q9{(\\-\\E\0Q\Ƴ\W\Om3->\iφ<\0}b}mJIS\0[\\ăr\\\̡-};wr\UǍ.ִʪi?\Z \\9\\l\0X\Vb_#\[AzTh\@e)6D\0:\\:\a\#\t\u|V\2wf\\Ҧ\rPg5D\yGM5\Tv<_\"#\cTu{M#DVk\"(\'_kzŒfJ$&\\r;\\b?/7Cf\\}3vc*d\儿HÜ\\\.p\eH\Z_<?\Y\r\I\\|\'W\"\ uA\Io\1\U	*{2V\\\}Q\r\\֏\rz\\Mn}Zyو8Ʊ:Ɲ1\\;o$+p}+\w\0\`6~\'\0lۗf?v2\gG\+U9\Sor\1[̓L\\\0\\\!P\ۖY}~\T\0\یiŰ\gԑ\ZF!\ӏl\י&GS1X_;h?\	Fg0\NrG\Gs\#5\]sU\\+y\\E\L$ɕ%=\h;/\OWeJ>cؕ|x\:<\" b\r\Z\$-ƎSySUTITc4KX\0s\\6\\/v!0T\Di\&LBmv;\^eLV̬e\\\:x\\0eNU\\sRl\T\/a\\ZyFe\\r=:\]\L\IYC1,\7$\}\ni\.\TG[!\r\^\0X %f\\q4\\k<7^\\\\1OUC|uu\\`GIB\'\\0.c\\0)\h\\[jKzN\\5Am3$\\5i/\\I\\\'Gqْ$簔DP`@QH+\\\%rI:\Z-\h\I\\\`=\Adkm}_2쎬BH\7w\r\\'lטSBO22\\a\zJ7\0ÖUz{\PntX-\3>h/\Lo\\is9Kpv\\X\}	=9>PB%=\Y\\I#Uk\\3Z\=kkȘ7\\5*vfv_\{\9W<#\\[!Nڝ)\rgV\=sAS\P\&#\n{X*II\T\Ld8^1SI0nT6$\\\Z\AEJm*x\ܕǸ\xr\pbvV_L[ {\'Ę+Lh5ST?X\\.a̷[1畓ֱVP\\\%L\k\:eu\Z\K\#6\]ԍ4\ƨeӉTmf-v\hCD\^M[&\\r$\r\0.迂K\i\&1m?u%O\jf	\\\\T\	0\'\y|!Z\"aI6#H	\إ.)zB*cݶS\l[{s5\vz]4\$5\f}K˚\2=\FH@:N?ԹO\W\Љ\{ʜb\\\{\kRB(\\\Z\_P\r\#h\"6z~ɦ\H6\m7<;Ҕ)2\	m\\h\"b\Q9]p\*cJouH\~\h{\\.7xRT2\l\T\ܓN൓	D\\\[)\w?^~\r̩L>c\s.j\\\Cv\eb\0OŜu~\\/LDJE|\rbʸ;z73P~cE\nh\Lbu\k!\\k\X7\"3ٜ\%Ne̪\\8kasn\qa\\cKߴwQa6;_o\\f?vu!\\~Ms=aMi?T\d>\~v>Bsһ\_H\\\a~z;G\\ȕk瘪Gva\i~ګWOOL>\n2\*{\\.΅ǁ_ф\*\ZnbX\M\7\'\\-<\\\0m\\ˇ\̓fyJs3\B0\{}k}(Bp&r\VFCߢ\\Z``ba&Tk\r\\\\M\w\\0\*]V#3ݖWFw9G%c\ڧ|Iz\^\\JP6{|\A\eFYRFX\0\,N}#/\\l˱;n\\\Llr\\\63O\0hoe͕, Fz\\\\L[)\\\Pc\r>\h\ǜ\\gɜ\CQbY$\IhX\0à\nГ\=ϗ)ww\n<Χ\\\G%ľS:w\rWF\C|<=[\\"\T;a\p\\kZz)T\,%J\rX\_hX\k\\TH\'͋H]A\L1Z߱|3,\-sթ<;NoȒ܌\X;껜\\Z0\\\0\rŴ\͹G\F,\H <\&4JZ($ɘ]n#;I\L#kB\Bp\˔\\D\/b\\	*rH>R\m\\Μ\+\΀+D\ln3o݇\>tLfM\L;	%,\j\XٿF\a\f-r\	b.9\\Cr\T\Ai2\+\\ew!E\\ŦIi3&h\!DuLBzx󂔸\PK^2,\\f҄\\n\}o\%\z=&hab\Rdin\r(\e\쳦LY\$\X\\=eZ*q=E;&ʮ\(Y3\'2{K4\q\M)f\H7\\\䭼\ctJa!\3$\i$f\Vn߆\cBTKYm8\\\b\\A\\]\\<\yec\xE9\"0(\'$u\bY\'d\0\\<ΉL\\\"ηPo~gZI{B\c}\W`N\1UY\:[(2\f9񃠯\'kVDk&a\Z2}e\\_Y\*[\0	$!\{_LSU\\,\{\\\IVVb\\؄o\\3\Z\\l\ܝN\\@\(\UPi[,	I\L\\PY,i=/];K\8\Ko\o]y\5`نV\9I\ofq\<i+;5A\d%\\eeb:v \\0#P	Ș0\n\ءfvuFdGׄ	\\\'d\r}\\{-\\n\0,#t\\ef\fv$yG]\W&uv\1>P\\&dhU9\\\\В\׷\\IKQwTI\\\j_Dcdq\2T\7ԭ\\ﯓG[\\\n3d6\e\ħ\\\\nQQ6H\\0IXW\\\'-\\.L\?8oQ:ls\n}V\bwӰ\Y9\&0\\B\4*y+[(#\B?\̐}ɲ\mc\L-N4Ϩ\m\\72fg^EJ\0\>Q%Bd͙%\O1ɐQ<@ Pb2\}*?|j\=eT\h3؉1\\uR/k\\m\\y3\\W:^\Rs[2\\0~A*tzuܳ\\09[n\wJAiZZ)%߳p\\pn=\~\/ٖ~\4\\8VS\5\w?{7\>PRl\\\>P\IɥeV,{\VR\Z\\\wZ\\|ܙ&\v\y*T\\4U&\\\\c\\<ѳ.m|.\0A\\y݄\CʠxO8W%+˓S֡쪛^S-K\\q\\Rj\\\'\bu.\\m\kDh#\v\\\I6߇Fc\r)1CkY\"\^=\(G\+ՌY{:\ۂcQ\0\ѩ;\\1̽\"\\~\'\c)\ݷ儚o[6ݙ{\&\p,J8\-Y;N\\hx\r{=\\\圞\\|F\\XϦ#;\\eOd&\\.MCB%T\\nT1\0aQ\+3L0۴K_ē򅺮<\#\\l;ke\<\\\'-D\)H\N\y\0 UM4ʩ\>iv\\̉\nh>qu\Z\Ci7\\I\y\*c\r]\S`i(oD\Jz٣\x>9\\\kk%J\"\\\ԏ3e\\\\0ʤS\-\0V\\\d{lxO\t\cW\\ -\e\0\GK\rͬ8j.A\cGl\^\\\G\"`\sLsa,\K]wbI\0y\buk(d<}\>\vQ\\i/\\7XtCA\K_$߈.jt3\0\=N\\\'31@>f3e,!\\0\`\U;4\Oޱb:XƑ\&0J)+\01?35\=ê[NӰ=\\X6oX\\`#U\Q\\`hfw\0\֑L\	:y\_O.\P\e\п}/\Zo<>g\?UVX=\s7W\ω^lptE3\_0\04fϱ}:\z\>Uc \\N{,2K\\\ZT\\y\"va!>Z>%\0\\'e\Z!\Za`\%uy\\\Zi?\!.l-/h\i\D#ê˖ETr\0X\4\Qזz¯IjY\\i`\)N:I5\\|ɭ&L\\\r\"r\uj;7\\D:\tn}hA\+fJzuPNytYy\rK@r\ra\"\\'5$S;L\1\Y֢\̚\,\J60W\0to0\ K\"c\\&\,t\E\$j\V\庬K)J\8\svRΰhG\	҉.y\*T\\[[2\t[ldn1_=,MՀz޲L\\L\JJxy\M]9)\0BV\G\\\0e#\,4ۅND9\\"\ugY#;\a\<Adi\\`K̟sU vJ\_\^Yj\$\$ZXৗxF2f\1ܡ\6Ç\0i\\"\n\a1P~ Iq{0\HB(gjOVN&\\#m\m\_D%W3u\~\y\\(&QTX\\sKa\\\Z/G1yX#\\ցڷ99w\\1^#ޘdѱUQ\\4\"~X\\\{c\Fo\<m$\&`\굻.\CGS+$\tՙm|Tsb~\ɶ\EތbfE\\W/\\-{\=b\\\+\\\0P<_Q\\n\}\UL\0Vj\\'t\*GF\h}\_,8\u1V{\nURXxZ3\r\V\0\T`\\HYA\$\0WZq\}\nZJu&\\j	Rm4e\"\X}O[\ʤ\*wì3}\\y\RXgK\lNoq\nxúG3=]C\b\%$Y8\b_^\\\E<Qk4o6f\\\ͥ+ALL\1\\\\\W\#?P5kJl\ІV\8#dQ*LEN\\x@\p\#\ѥ5.\ݦ\\\5\N\"52fQb\\caGA܋`u\x\ؑS\\\Z\\\n8\+O2r\\,\6͡9Xh6\S\˚\}\-\o)Jd\>=s\n\Z^Ylgy!f \񬲃R*)X}?<#6׿Aj.O9[Sf\'EKݿ(6\5t\&\\\k\h\IJx#~ag2O؆\Xj@Z_qh# \=^J\#_쾶n7\J\K\\J\\Z:KNwa:\\+BcDzu*SFR\\0/M\\, 	N^\\\0*\0\L\a4ݵ7\r~#[(7efkݼ<z\5RSi\/\ޛU\rE 3T%\\#5:J$\k\\\\\Z\\|g[;<\ON\\O!\i\Z\\\\\|IA\\7c\\\H\_@Ezvn\\<?8<w%oii\\\̨T\jy\K6ˌ=\􂢶hY\ZkFQvduaą7[}Ԗ]\\4b\K\V\ -Xkv%I\{_=WəT4.f\b6s_X\d>0\0\@\m3>*}#<\A[S2&s\\n\GD4tm.\eJs\\\hL\\\pRV`e`u\r\\x	\F\\\i,iDg$(QZc{\K$R\N$p<?b\\D\	z1$ψSwL,~\3\u\$ٔO9\0Bϰ|\\~̹\0_jb>̴_o\9\Ɛ\ӹ\h\?\0\c\n\\0\\&U4\^_\0\\tb\\ƥ\\"f\\.G/\m󌰓\ZL\7\Kw~ɥ갅f\Qt,Qk3	rraOj6nM\)4̔\\`-2\\\\Rd\\:?t>P<5cE\u\~N\c!\B~\\@4\G!\U\0\\r`h:\%\3\/f`	\knMf,\\u\H\U9\kIf\\B?._=;jm{k\}`AҥOxWjp\n,\5\\e:\o\1WeODG\{]ءV\RA񂗏D#*\\\nXː([\\f`jFy\nS0B\\$gm/n`\\n\ր\\\w!C\0\\r\\5/3\Vb\TY\\L|fH$f\"L	E \{\\\ZC+#KXDs}\$\\>J*e[[r;\ZJ3#p<\{\q\\DDF.\gPs\ 	C,1q-7E\\\\&,(\0CoH_M$\;\YHÓxEjq1BY\\0&b\pF\^\\q\\rh\Ч\DəXy̵\\Gg\JY&\pE՘KrS\\\r\0\%,\r.d\(\T-1\;y\;IU:p,嘇C<H\\6\Hubr\E)ekY2\\c{o	=*芙Sj$P&\ \rK\\l`\8k\P\CUOR\z[t\\1t\0E;+\\[\ms)\Fp}t\il)1v\G\>\ci\Tl\ؓi{t\\p`\\R\\\r\7\\\0~\X\Cbx9FdafBUTG>vZN\0lle\#sJGd̬850д~7\d\I\:	&m\}։U/\Y\\\TL\\~\\2\0K!\Ĥ%\\%\\Ab\\Z\AE\\Cٴ\3SΗ=7\Z\\'\u>&H\"q)v\0	F-{-^93\7ёINж5@ڜ5\OIS\\p~\`	b-\COy9t\t\0źM2Z-@V-$\2\2\ZF[P 	\\\r\0Lg\Eq\!\"IgHqY\\Z;ae\1Q `ju-1\\;tӫ\rR\6:nz\r#\[\|#Y\|Z7D}TI`\1r\\F\F\\]o􏧳\'\%~\Px>d\Sաd\ɝJ2-ػpذ]\\~x䌱ۺVe\-߆=0\%\e]9 \	0:+AB3\c9l\<ġ\ba;~\\MS/T r\({)en:^\nI^%l<\07\'*UUH\%\5\`ݽk.d\\\\O\cr{?\\iǹ/ܼ\}_Q\"\\8uGv_\\\[1c\I\}fITX\/\v;_\k\T\(g\n\\3a9\re*\s>]\i2^3%\\\'ęͥ\\g\p|?8jð(t^ώ˧\\_/U7W:MrF\ \r)хY?\\Z*q}1H#\efN9@By\I\	;ݔq\N|\n#0	닞\i\Bϙ0R{BZ\\\I\\d^3Γ\s**fObHce꠾A\&/HeGfLˎ:FgN(}f\0n\\*\\\\\\?\=;\\\\a\،V`٦1c\\nsf\kEDd9si\\\hؤ\H;\ %\Y꩓\OX^=M\0\\'t\o\0 uJ]4	\\0\o\4nWu8}-\\_\\0$\6cbm\%d©\\\ZJJ`ci7V^<?\\Ft b*z>?Iq5fniʚ\\%\u:\\\\\r\ѧW\R\IRg\.\\\Ĵ\8C\\50o\?fmB\sb<\񪙓\S%:\Z[X#\_mƀtoڒ^\g)ke\X^>2vTa_3\\es\c\r\\ݫ\\*2۲\\\6\(\**SM2Q\03}\t9\{\0TXnNc2\Td\ȸk\w\\𽏷\1qV\3hl28UH`t#%ڴq\\0[\c\GJ{NH@[kؒ\_E:s1~+jY-pCrnǸ\\RqzilI{Im{1M4cv \0\.	UȾC-J\'.\'S9*%z*Mo\/2m\,\"\#2B,cF@X7;w¿|ZD<\{@I\0m\e\rv\juIYyl\7\\\\Ņ\rvEg\He\!X\ڷ\\ZEle4YM\y3h_\\n؞1563BΗ78\0f*dę@{5\n\&42QL\\0l3t7:},\Z\\5,pi$7&T\`\\B٦	hV\2M \f>bNǝcuR\̌\\0\0\MơL=8au\\\\RF/3(=W\n	ff*7\\ts+7Y7/Ժ\\0\I\*˖\$,\fkМ\6k\nHЀ\rM9i\Bu\	VeY*X,\u\0(wEl*)vŝl\\#t3͛&V(\PJ/dK<yD0yd.\0F9a.gr\0\_n\A)$\|)ʳ\Zs\\ثd]yhfH\*\\V\\)rn\H$Y\a\\QbhPOX,\w:[(\\Z\09PuS\\\\&mi\Qy0G`-\`= 5-l\3\b^\F\L\&`\73<GXɖ3O!\\\k\4\h\auHe\s1*\\p\\):tDXF&Su\rBف\f\[^\0\Q;bV\\0Mjt\T\%Z\\̸\}-\Z\9\UC1:F[B	R\r^c\\\v\'(I2m\\פ8\5E,s\\M$JuzyNt\qʱ=;vXoc\rԂ=\:bt\\Z9m\ZgB1jz\J\Z\i0\_ػnÊ},f8uZ\{͖&\>{\p~.\ԦRM4\eH\\\\\\ڴ)\}\nbK\\;ۚ񧈷|R\Uh\8zA\\w\\nQVI\\\`I:p\2M̩\;$\'\TMݢ\0\\\\r)\p\:n@|\#\[4\0E\:l\n[eٔ؋\\-\BEs\w\U\ޯ\\vbI\'vbw6J6\\\o\0fq\N}\D\.c6Dô~\\\.KYd\\"\-L\J=\6\rtnZuoc\\\\X ɱs\.\<o8$a\\\_ݖ\VӔ|e\6\křSs_(Ӻ,Tӕ\\\r\\md\\d$l} \!\^|#ފJ\f>b;H\/\A\XU%Zz\\v\,U\[He̛-V}ak\dme9v{\=Za%OU,?#\OW>tn\A\#N\\HŨc0\.Bٽ\"\\x\&\\\v\\\'S0\6a34,\(į\`<\Wy>=dJ2\XVw{,WK@\`׳\nmf~?V<uUi\*\&\\>g\w|a}[\r\n\G\0)f 5\M\\\0N\Jjz%#1\?}c\\=!E_O~ťxtɇ\>J?3=\\ԛ\\Z\Be3\_\0\:=\*n\\'Q\jV\O$yg? \"_er]\Kv\'P\\Cpndp?`V(!}&\\xMu\&\\\7~ \DpyIE\%-ԟ_\.H\ZA\n_Ud?Uy\"\\0a\D4{hAU\"R\r\\\Gv=b\@%-<\Jh\e8\\}\az\'L7yI\~\0r\0X\E\ӗك(\0\R/{VO\*\'LV\)\\Ǵ4\n\ɕ)*+g\O!3\\<\f˝_2˖\ZnR~ńj8J_ѼLyR\|ʃ5h\jLİ52Lg#tk\\{k\3e\\\Y\\y\0e7\\e$yIu\=2\\Rlʤ\\\~NZbd\0gUZϓ\TMv*/^\|\r\8\<@ڼ\;?˗)\L6ʨ\l\#!\m\{	<\\)\\̷m}\rW\\\x\KDP\0\0W\bUCK\ZXY(\1=䘳	9\\\RZ	\f-!@ǫVQil\Ԗ\X;\t\\\+͑-n䠰\'1\no\qlJZ=lyS)\04\˝$\\Ǭ\W4ɫ)\?\\R4+SM\<\j\O4fr	s2}JØ\XE\L\'\1\OʜS\\5\rDe̚ie X˚mgb,TC\ʛ8\"6Ps\be%HNnԹW[X\0\IIj*\\9fEn*Hb	\9\\nՂ|\/d\shU\d{\0\ \7\Z<>#(\5b@6_n\MTGVԂ=D*\\5]$\\,\\\\\0*\34c\V{YL3%*\\4Aa`.n\0\W\Rᦠ(8\.nXn\\D\1\\nMSת\3b\>\	p,\6\\'++0Y$\.\+\Ydk旺\hl\KZ21\u\;j!o	)\\n5ضk\,46Sdչ#B9We:\en \\0<30Kٶ>Zg+DE4ԦOT3\'~ہ{\T\-\8o\\\\T$U\iS/g6\\͗\O\8\\Q0\\c1!3\#oY񫘖;,\\!w8\tR\\ZY\n\Y_\I\ xF_\r\\0go0n`\rscov<\J\IV ؎SՕ\r,\\U*N\B[g	%nmQ\.!FJc;\Z\٧ٚfIn\%1/I&&\0\\0\n[ǽ\*BLi9T\\X4\:};_ݣD\\\c,h\,t#\O\Z6\\nɡYc3ٛ\?V8\-S\3\-\.l?\xᘖ\}?\(\vnVX\'d^lw<\Z\\"]QH3	l6\'a\ۉ\ -=(P\~g{G\2ol\ʾ\\rK}\\\_S\mFm[\\\F\H5.Q0:E\	巉\J5Q\\\\\ɶ\\f\"{\eI@,Fc㺈	&rK\Fy\r\XԨ\_\'0\03/}9rX\X4kK@\1Pz_Ԭ.mOnʥ\%\\fm\ӄ\\\QB>\'r{\\\,T\[~_	hu0g\r\\>\k\\}Letx\D\Z-\\6&|\S\0rbt\\\f\/~¤UOI-^kݘ\x\bJ`\ns0\"\n\\x@v\\>Ayqg\J\i)\\"S\T%ԙX\\f\\\n镙&LůTe\Z{\߬^\u=L\\[e\\\]\hL\Ζ&N\\.EԐ\B3{\*Yc;R]cF$hEi`\0k\\c\u&sݗ\nM\\"\\&v&@J|r7S\WC\4\"!mY\<;\W\0\Gk=%^U2EONe\\:dIo#7\\\\Ա\9\\au}`\0\W)\\Kpܲg\|\,\\,?W\Gl\06v>\\\S\B\\Q7Ĉ-ɻ6\I\'G\0\0\\V\\ﺆ\Zs\/9\~\JδEӀ\XH\Ĵ(RS;),\Q\'HI<Iܝ\|\G\$\\\eUa\\ئkC~\\nE\&׃ПPaDy\HgCLc\pw\\'Ѯ\z$\\\&\\\Z\Qq\Xր}\\ZVVrǲ\\\G\\@JdW=6F?k\\\\ Q脶2q0LQ\TPT\0@׍\7DLc-\\Qʅ%e\kZ\r(\\GjڜM\@\\0\r\0\\0w\"\E[4\0\\(\4(1\0\"\\\"oxo\6\\#\0\]T\d\\\[xx\\ZK\A\i\49nArjX\0\$}L\K\\nG\S\\m\~\\:K\i:\\\tA\\4\Z3M\6Q\0/\\{[Nם\u\1C+)ٔ_QD˃Pⓩؼ,\\iN\!\?Bb9j	\\S\\>\me\0\/\0Fb*S<1x\;w0\Oq\s\^=Qo`~6e=liP\"`\T\j\\\A͍ν\\naW<LOVY9ݒ\3UA	1ZdYL\\k\\TWnD2O)r\W\\|;Sб\}#\\30\r\jh݀\902ȩf\uP\)s0_=#F\:>H#Q\)ԹI\2a\󩦔k\e<ChGx7zKNs\\rE3J=u\\\\\4\2\9c\??8Z\C<߸X\_Cx\Bѩ嘭$K-\sB&\ZźZB\ߡ\\=.lqo˔-Qt\|`ڊ\\\0s\63ÿxsf˺۷\%õq;i4t:\(\I\\\n˗\\A\\>\\\"*\R,Z\7!\-Qvx!Z\"^\E*\\D\\r ^)Q\)>\|-.ARc\O!OdVU:\\n\	7QIW5IY`6\}CːI\'\\x\ut\؍B\L6P\n;[BY]u\YaM~ƊfG\\opW\\HԦK)&ov@\Ak\\lb\\wd\cu\2\^7\\l\J_{^\\ky\\h\0^0 >P\Z\02\0?Ľ\ϏM\_\0J\u	D\c9\<s\n}$\Kѫj\\\0\\92\07\0d\g\\'7R\ky\'D\0)s2\m\Q[zZi`\5w\\>0tj\GMeB?e.\0 {\[ҟ\\\I [\8п\wx,[\0ä\J6=s\ahߟ\\a/O\jeȹ\0\\nukr\<HL\G\\]e\#k}L\}E3̒%\\+7/mX))4\\M\Zgy;\ZD%\0UQ?g!LZl\"\n.t1n,Gȃ<j0׉p#\\0&s\\\0x[7{i\VmŊ\\΄\Ʌ\LMᒪ%\p~\#bT\-\SvM(\0Z\em{4\l 68D\1ȳ\'2\\IWS!\͠e!8|\"Gcie\^\䫻\WI=MH\&V\\k5\u&˚IA܄k,wX\q\\\Z\\2rm\\0\q̶0b\r\i$\-2kJ|\Y\676оs\r=>~\y\ir\k\\`1\\'\rPXf4R\0Hzմ\\NʙY\,\0͐7u\J\&1\J\MݳKtړi@:G%g9)1ebe\-\\r\e\\	\0\p\\'\jfK[0ة\}Gfy\\n1&\WCDz:}u\J\q\av\\\1\c	M,O:j;6ow\#C2\~<\A\R\$\n8\'Ɏ돺9\\9Y;\rkon\DZG17\-NQ\"bjL!a)V#.NكQH%\2E\ )\k\\ZV	$\05=\2t\f,\Rɥ\\LanC.\\'W2m\\\\fb]=\-[3rX\K^\\\\"\Wsl/G!?wDCؖ\\\,\\H-8	\J\6\*^ÔU\\\ӼC\P\\\\0z×M=bǿh\fUv1\'S\O(U\0aYHSi\\\ߌw:s7oq\r\=#hv\\\'\N\j~_\\Ra\\-\\\\\"/\S\ĸAvȻA:K@aȝ\L\"\\(\\\Hʢ\~f-bSr(Q<O(OHf?R\n\v߅ґor\f;KM,<@>8Yh\n\Mu\\0y\<ŧ\\"Li`8O\xbéD]\S\@V\)\Lmp\6[\y\~\^,zʎ幋X@\0\\n%&\\)A\\[Ӽ| \Y\ݏex/y\0\i\E\X\\\.*\4~\x7\nQk\M\&xA(_Qm\N:I\\čx\#\q\\2\,H\"FPǞ2Do*-)^\r\"b!ԃǘZj_\\r\\r$*c/\#(1\ua\\N9n88N]%\\\\6`ݦ|\!P`\OeS\ӊP\\\\\\'\L+a3%A2`Gb\\~z霥 \n\\$keȢ\S<B\\ߙ\x\\N֝s	lGxD\rtz5L\ri\-[\Ϭ=Vtպ=0~\\\x/>\\r,$\et\\wޫ\\h\S̸\dn\n+\t5VaE5&&g\0$\<u\ejCJw/s2u\\M\^R\'h7tԽ1\;\\Kɟ/&\\l\5l~n\fӣ{ʭ\\/*mJ\T\'r|\\lj\fR\]\Vۀ\\>tg\WHm>K`Cy\7Y\Z.e3K<ԕ׼Vo602j\\D\n\"Sfo{:^& \VY	piΈ-ϸ\\\^((X\0\M\"5CS!\Y?(-IҊiJ]UE\Zi\0\Yz-\Jz[;\nh\D!K\\16\\O\\'\\o\Z-s@zr}i2e\[(*M\t1qbx **&2iu(%M@T\NnQ\\\[؞:l\GS\NU	\t/bJ\\.cna\&K-iIJ\\\\T[\\2E\0e%ÑvPI\\\"GE\j\}&vA2b\E$r\2\6o\\'[\CZ[\ΰT\a\JA\\\AY\3JKXyp\\?TG\*\m\q-X/\\\B.b)n\^&buu*S\[\s\!V\~\s;\M&i#\m%\Ի\c\wXv\p*e&]4\\"\\\Z+}%S7\\]\tM\~\Bk\@\0\r2҅\"\\\e\ZJ$\4ӻr\_ό1\~pH􊊋&W;_\\񊌫a\ąR\\;(\\\oa/\@\0/y\g\ \\\\;>B\\{V\^}cHNts\-=?2M\\~\rޣe\\t\FZ-V\'(\5R{mݦ\\B,f8x񃘜\QOK(K\0\h_20N\\\\w\'\A*\\`G\rn\O,rD51d\0\"f\r`\rC\\\\\\"}W,X` U$\\]/\:\\眣pߗa\hJݮ\\߯\\IQO\\l,\0\<\"\fGF\\<`2\e\63\u1 h9\)h4ODL\\\EīLx[@KAK\M+cfMɥ\(P/\\QVMq\nޗhdy\0\\Z=H\<a\)[#_\_~+2\$<[6\O\\0&av1\\\\:jT\\/\\0@#\\retk	1Bڷ\ag\!UZvBm\<	\	\qC\'l8:\`Qltay\\\'\0J\\	pkc\T^p]P<YG+ \5b\WTYWD}^O\"I,nu0I(\&I`A=SJ#U?q/\0GOJ\K\nJ)S\H>zp\\\\}}̘L\\m\bE^@ww-\~d\L㏧\\\\"\I}#\vĝW3xd\\JIk\c8\d\\n.I6/L\d]e^܋K:\L\ZaMv\Ď}мH4\\'J\ac0\rfFnp@(\o1\.?1\}NvD$J<g;R\}E7\h\|y\	\r:e\=O.p\GMA\nwU\KG\"\0\\L餁tSTi\O\0\뺴\\8;@4EP~\nO2u\'\\7^\UEGā@Dòv\>g\*i\Q&Gao(\'|\,Fx׀\r{15Lۛ\*\\o4*½uVf1w\*X5$\ڼ`\\r#;K\?4\".`u8<\\f]\]؁\~1s\^\\^au-?:\rP\0\P\0\"	H@\MM1\쨏B\>)X\\)0GyH\(|`ym+E \\My[*=aZ;\\4Hb\*\\0e]\"K\ּT\\\b\'XrO$\VSpaV.7eŵof,Wep岱ώSHA\1ׁ\V\\hK\\)\\\Zfi\\\Րw\",\\\lް,Kf\\&\\a\i\(FY]\\,Sa-6\\\\j\\Y/\n?\\NXYjW\0GNH\! c9klqM]C+\\n\16q\ͦ6St;\\r1`x쉩=ۊ|x388#0@nZX\ E~:f\\"\m[\\kӦB/~b3=G/x\r 1Z}H\Z_^\0n`u^7\\(gs\;\\\\\\cw;qe/\o3\6\*\r\\nn6Z=\\\r\nɣfMkpQQ\\t\U\-2yY`\ɜQ1bVM3\'1f>AG%T~DX\F\'7uf_G\>1ܹ)NRŎ\ar\1^A։+\&U\0sHV\@\yFl˟t~I.`ԧ\<G\\O\t<̋\&M\~\0z9n\K<+9\,x\r\0\\\\5-?\w\\K1r\H\\\o\TUPO\\6\\'\$	K\8^\'\h\,wm,.OvNMUI\\:r\~0vKu=ܢ\)Qao\tL_(&\0\\\۷6!2\8w\(\\\\UHW73\%-ڞ\77\0A*X\geu\ɹ\XW q;!󊓧0ITõ\mXRJ<\\/3EZi*5\@q=#0\?c\#\ްxG-\\\#\\0\z=Kߑ\\\ف\\ZĄO0ǹ\\'%J\\\]R\ϋ2\\\\/\f5mm񿡏$\\cIF\\\%*\"̺\ZK\Ex&ĝl8{^#\QZ%\\Ay0DŬE\T\"6Pq5\\!Je{\0\.3\e\i4ٌsDͦOj)4\\JAYcomR֏f\L[m0|)\r\\pu\\\S\W\Ze8TRT*\P6܃\\H=\{\A>#Iֱ\\\\\N<˟-zd\\\z|\o\E\b\w?.:;ZƖ]Ϊ2&ˠ~[o\%\\\\}y\L\\zs\"RKA\0B_\i)\u1jNGG׎\\\\K-\uD]K1\5B\OM\\\6g\Zs?q\K\\P);N?\`tSc,x\SNt\ǝ#\`t\\"mRܹ%$\mxA\%[m~\u\\"R\\\Q63s}b<\qI?u7A\\0_0\n7<\D\5\'Xe=\s\wq/Ję9Kq?\)4\TdS\\07:*8ќ\'[\[pw0T\ʶ\Z_S\9!C\Y܍\\:;Bf9{7+g\Z\l%m_\\/F[]B\{Ð\#\"~9>\fPL1H:h ɛĵs\1Fd\J&xT;SaZQE\տ\aTǺv	-\<\}\\:qⱈʾӕ4\/\\a\m\f~\\\*a\\\ưe7\)\*\\[X\jOyh|H\kwDM8f1Ag=ň\M\*c%\U{TOTߴxa2ԃ=G^0\\j\'Mb\\\~se>\'\Gx\\cՂ\K,Μ{Yް.6\\\\N\xz+\\kژy/\myG\i\\F56t:cS\\n8r^^\\plln#\nt\7cI$\Rv_/\#\9a\#ZT\r\"e\nK5\|~0rqQV(\I\F7\NX1*tXs2;\О7<ƶ$:\יegj \u+>ʈ\\ƑI\1\	ˣZ,q\\:I\\m%q$[kԣw6\"-\\^ǁ\\\\\\g\i\5\7l\%Y\r\\\\8qc\r<\"\R[_\~p\\\l\ЎFjt׈p\pmǴL\\xǒ&PITNR\5\w^\Zq2Z\5\:{RI\c\rX\\\Nē\GW\&>\Dh琎\m\@W4Էٟ\/i\\ tU\zem\>\[\7\iӤ]2Kt_\MQN\\eߺ2\gT\\{(a?yb l\"7xjzqtnk\5i\\\\\?\"&\Wz\0\i$c\0\~~W\:I#)#^cb\pR\\\\_\GR\\q\l,y.+T$.\hΚˑ\\J?\\\\r8Q~\!fR&液\9\~yIY\m\(\n\(\jI&\mGXqt.U\s~\0ҺՏ}\\Zz\\d\.\\\)Ԑ\rM>kMm\\nxtw\r$)\?/\\Vx(fKv\~݈\\\n\}V\\n?_0}\*r82h\\8Lh\g(#5o\<\f\\-;\\?/P~LuDF\yd\6\;im/\X\d%XXo\`ew7T\\@\Mn\\\Hr}4|c\X$2D}\M\^1ڑ $p\h\\>@r\\0\<\f\\0y\Ȏܔd/7[\6av\)$<SR>7.B\r}c\<[\깘v*Pt\Iqn\m{G\ V\>ͰTu&\yE\{W\ڑ!OfMw\m1\\\Lw$_\0\]b\̞pQ\\\b\H\\\\\\O\DZ\'=Dl\1ٝeT̺\+/\D\=ZM~\A\\9\ek1Hb\zW/4\jDf\\'\Ψ\JcMߛ\mٞd\\\\ͼYG\06\:5\%[L\7	U|~\Cڝ\^[\A\_\ǲ\\Z,Z\08Z(b;\')\ \Η5r\c\-f\%5t\\cma\\\tLSq&6\/[K\\\ZX\:-c<\\Eb\?\8GXS\L\oפu2\\ +{\wwDCvǑ\\0䉋mAC\2\h\ч1\\\)bԡ\Cg\Z\\\\\\xp>lb4>;A\.0jIʹy.?kq,3t[1`\\U\']\tȼuvTicrX\-\qoh$WM.[Tx.\\\5ҚI/\Z s8Ln\ye\TƺqK$\?t\\o\0a7\\LZ/\\xBJ\\̣Fu\~1^9\7<H\\"ĆwtG\^>ӜxX0\\<\\\:\	\\Z^[LCf\8\wGgw\|y~nYp2\؏m2ͮJх\\\BmԎ#\.\l3Ӏ&Ǐ ਖ਼0\\Xka}\0\\nRI\Z\:g\iS\\<=3D\F{p\A\\Dm\\\@͘aQw\r6\r\	iI&cn\\\x\\\\^J\ua\\0\\\lE$\O{WSx\Mx;TG\\(ܐ>\\*XyBG$4\\\?fo\\\*lLR.n\r\}߇\+H\\ȧ\\ݾ\0bLɆ\m4\\r\\Zhe\0\r\\\sf\K;Sp\s%w\8ͤqȀ>v=+\>shֹ\\n\\\5#r]:\\ZKږw\\H\	*\Zq\ZJQ\\%\r\#\\\8*X\\Oۚ\\\S\F\'=\$$N\rO}\\H~RO\]?]\ݣ֐ظ̺Z)J9\&l\ĳnO;ǳ#$CS\\n֒i~nJtĜ\>?;zGx,(<\ݔ&\ga\\0ߙ\\\(,\\;ͭMCbmtnG%f2:9\Lq\\08(\8\0\yƙ*_~\S*K3\q\\ևl:mQ]\rM{\k\BL%\\Z\0#\f\\rAQ.v\\ĺ\"\\2}\>W\Á\\!WI\'f\\\^9\|fueQc\& 㕍\0h *<X\Qۘ\0\>X\.\sҌ\p:HO3X75\F\\IIF\n\\`-\\N\/z6\ ^E7o=\\'QC!w\ 6?\\s$\\T\'\@DN8|\c6g|IH̦ZUC;\\\\xF?\urٔ/bb\d\5\#I\w\;g\Ii$+8\MQ\Y|\|N9\vf;@\\ =bTA29-F\,K\xGi(^$=&ײW]|?G\\'\\2\D4_+1%?׬tOD\J\x\\hd\/|vT[kǌ\q;\ܣkG\0i6\L \0\\"rh\ 샋Xl\Z\\\\Ē;p;\kkVPS\S/\\\$\|\p\(P\_\j2/rn\'\\1,]\\\\Dݼ|\©y\0b2--.vQ\\B\eIŏ?\\\/cu\\\HUR$goTL,\*o^<)\}jz8\rf{p<\ɲGbm\<:\\bS\SKX~j\K\'gL-\G.e\\^\:#jނ\\&X^\\\PU%\7\Aͫ_\\)%\n};b7hkr`\'ţ\\p<E<\6L\@\I\\ \#\K{@KxE,#J^&-L\\1\0\\\<8 e\lؗ4>+,Dsӯ$\E4A,\_\/\\Ċv\.\BE\{>\ZQ|܎\\\'\;\Z\\0IVUC\]\"\\\\\\nK\[\1\r\\\f-F0{~P\u<\Zs\SM?tjʜ\/*U#\Nv\\X\,9o\*f<\f>@({\\l\M)PiϮm\ G\ZI;ђ\4ݧE	\h\S$g>\f\\'9\h.o\;´\XJ\$\c+\\n\f\2\^\\nRd&\0\\ąGeD\\,U,\Z?\E\\\"XJ@\&;J5</\G@BVѥ*\;OGX{C\\r\\KEAq}5EW2o1aFЀ\4\o\Ak\;c􇢮Um[G	6\B|G|qGGA\#yGAIo\\SHzA\y\_HjxE1\\ZwB,a2KKkn\s1\m]\^^\'o\:\Z\\\x9\6\Z\?Aj;S\0\Kֺ\_:[\\\(Qh-\\skҫL\ c15H\C̎!*;=D{\0\־v\!Td_(:,\r.s8!\c\\f\\OהQ͞j)\\\\_\\4\|x\z1\]Sd\}\*\\GC,d\oNPM *\X\{GS6!\L\\6XK\r\3[P/\&΋ϜÔ;\Z\\\Z:/X3IGmH\\E\\0F\1@\\0\'),(10,'amit','kamble','0',17,1,1,_binary '\\\0JFIF\0\0\0\0\0\0\0Compressed by jpeg-recompress\\0\0					\"\"*%%*424DD\\					\"\"*%%*424DD\\\\0\0\"\0\\0\0\0\0\0\0\0\0\0\0\0\0\0	\\0\0\0\0\0\B\A/\2d,4\nz}/a\B\A/\2d\'\`򊚆^\s-\2d,4\nz}/a\B\A/\2d,4\n{ԻȴW\t}\?\j]\Z+U>\N\5.-\\f{OM\\\`\0$m=;\8\gt\09wh\'\V\3\:ԻȴW\t}\?\j]\Z+T5}\\~Q#?_\#P\\\\W\3q5}\\~Q#?_\x6\0\0;=/\\ \\\\1D~|Cqq_\H\\\\\\1E?\\Jvsi\\wg\bUKO\?{]}}\_6\X\0\0ZU.־\m<{\\0\\Jvsi\\wg\bUK\B\A/\2d,4\nz}/a\B\A/\x\0\0K\!a\XS\\x2\Z}=>\!a\XS\|B\L^}~l>!}\\\&/L\?6\F\\\\r\0\0\0\\\oDn1ze77|2`\|B\LZ\Z>\\?\󏑨c\.+8\Z>\\5\0\0\0\0\D~|Cqq_\H\\\\\\1Dp㓎@rq\\\`\0\0\0\0.Ti\\r\0㓋2\Z}=>\!a\XS\\x2\Z9\0\0\0\0_\cAaOOe\\8\Xh#\^>Ì>_AaN\Tn=&\N\\*7D_~\uy\\8\\0\0\0\0\\\\'\ߺ\0\Q;F\\\o\\ңtI\H\1D~|Cqq_\H\\\\\\`?\'\\0\0\0\0\0	_D~|Cqq_\H\\\\\\1DY,,*Zˢ\t\ȸYaaU\]ƃ^\0\0\0\0\0?\\\ؖ\44.!VXXUDE饑q\n\ª׌>_AaOOe\\8\Xh#\^>\?\,\\0\0\0\0\0,\n}/a\B\A/\2d,4\nz\^r\\=\8_\v9ekUM/\c|\0\0\0\0\0\0_\\i~\啬\n{\Tq4Y\^r\\=\jF\\$g\\\jF~_ϋo\0\0\0\0\0\0՞\󏑨c\.+8\Z>\\?\B\A/\2d,4\nz}/\\0\0Eju`\0\0_6̼}\r|`\\\q\G\\,)\sR\\"\\\O\gt\09wh\'\V\3\#\\\0\0\y.0\L\0\0gٞ\\\\EU[\\t\sR\\"\\\Oc\.+8\Z>\\?S\0\0(&\0\>\0\0&~\\󏑨c\.+8\Z>\\?U.־\m<{\\0\\Jvsi\Ǉ\0\0W0\0R\0\0\\w]\\0ؕR\k\\\\Ǻ\\\Īk__g7>_AaOOe\\8\Xh#\ޯ\\0\0\0}Հ\0_d,4\nz}/a\B\A/77|2`\|B\L^>S\0\0?:b\0\0jL\0\0\a\oDn1ze77|25}\\~Q#?_\#P\\\\W\3\0\\0!\0=?Ph\0\r\\q5}\\~Q#?_\#P\\\\W\ÎN9\0q\\4ߌ\0\0\\>\0\>{G\0\0m\\'8\\ǌ>_AaOOe\\8\Xh#\̀\0\\P\ƏA\0\0?A.Ì>_AaOOe\\8\Xh#\\\Q;F\\\o\\ңtI\\\\05ߩ{Gw\no\P\0\ߥ\"N\\*7D_~\uD\NzF\\$g\\\j~`\0\0y\\\WV\hP\0\r?\Cqq_\H\\\\\\1DY,,*Zˢ\t\ȸYaaS_\\\0\0y?\pVց\\0\\?M,UQ-e\|h:id\\B\!a\XS\\x2\Z}>\\0\0b|_7Ǿ\0\0I\d,4\nz}/a\B\A/\\\,`S\ʣ\whzV)\\\0\0\~mh\0C\<\0\0~\hzV)\eQ\\f;=y\+X\Z>\\?\󏑨c\.+/)\\0\0=xl~$\n\\<\Y*\0\0R5}\\~Q#?_\#P\\\\W\8\Xh#\^>Ì>_AaK\\"\0\0?D[?m[ZYH\Z\0\0=W\r|`\\\q\G\\,)\sR\\"\\\O\gt\09wh\'\x/\0\잱涴À\0~\KEq>Gٞ\\\\EUK#P\\\\W\3q5}\\~M\_\0\ϕ\0}\Z>\\?\󏑨c\.+ؕR\k\\\\Ǻ\\\Īk__a\_\0\0Ͽ\\i@\0\OTU.־\m<{\\0\\Jvsx\Xh#\^>Ì>_AaM\\0\0\Zo`[Z\\0\0\=󌅆>_AaOOe\\8\Xh#\\F\_l_sz#wɇ濙@\0\<~\0\0=c\\ވ\b\\a\oDn1hdjF~_\>F\\?\0JHG\\0\0+\F\\$g\\\j8q\\ 98\\0\0ɺw\0\0\ÎN9\0q\ŏ\r|`\\\q\G\\,)\\0-g\0\0+k@\0\0h\0R\8\Xh#\^>Ì>_AaN\Tn=&\N\\*7D\\N\0\0\[Z\0\}N\\*7D_~\uD\NzF\\$g\\\jG~l\0\0XmhVx\0@\0\0g#P\\\\W\3q5}\\~Q#E\*\\n\44.!VXXUD\_\0\0\h+kEWC\0\0\E\*\\n\44.!VXXUZ\G\\,)\}\r|MC\0\0\0Gz1[Za=`\0\0=wNÌ>_AaOOe\\8\Xh#\\啬\n{\Tq4Y\^r\\=\?&\0\0i\꾼H\0\0\0\\1ݡ\\YZGK\\\,`S\\jF~_\>F\\$g\&@\0\0i\'H\0\0\0\'\󏑨c\.+8\Z>\\?\B\A/\2d,4\nz}?|T\0\0\\}q\\0\0\0{\\}\r|`\\\q\G\\,)\sR\\"\\\O\gt\09wh\'\V\1\0!\0w\L\Umj\\+6\@\0_\K|\0N\5.-\\f{Oy\}U,Cqq_\H\\\\\\1D~\0;\~k^~\'\\0\0\\\#P\\\\W\3q5}\\~QO{]}}\x]\\0ؕR\k\\\\ǹڌ\0>u\ҟXsW[[\\\\\~\\\0\\?{]}}\x]\\0ؕR\k\\\\G\\,)\}\r|`\ǩ\0u\\ۯ\ߢkY]\6\Oğ8X+d0\0)\2d,4\nz}/a\B\A/77|2`\|B\L^}~e~kÅ\1؝tK\\\09\\m\\077|2`\|B\LZ\Z>\\?\󏑨c\.+8\0̹@\~Qc\ט__b\?X=\\0463q5}\\~Q#?_\#P\\\\W\ÎN9\0q\\ e(@?\N;\0ϼO\\竽g\\\[,?V꜀8\\X\G\\,)\}\r|`\\\q\~jo\{l{\?_/\ߍ\\Ӏ\L\~aOOe\\8\Xh#\^>Ì>_AaN\Tn=&\N\\*7D_~\uyo\ΐ%\q\?\\\\\\\\0\\0\>\\\'\ߺ\0\Q;F\\\o\\ңtI\H\1D~|Cqq_\H\\\\\\1o\q\\\\y\t\\0\[\J\WD~|Cqq_\H\\\\\\1DY,,*Zˢ\t\ȸYaaU\]ƃE\/=\R\\k\\\zg\&Noo\\"VXXUDE饑q\n\ª%/M,UVd,4\nz}/a\B\A/\2d,4<+\s?G\s\}0\Wy\z\r|`\\\q\G\\,)\}\r|CלO{*&\1ݡ\\YZGK\\\,`Qw\o\04ZK\\<\+\0=?h3V)\eQ\\f;=y\+X\i~\啬\n{\ԍCqq_\H\\\\\\1D~|Cqq_\c\Z\0j4\\F8O\?9\\$jF~_\>F\\$g\\\jG\r|`\\\q\G\\,)\}\r|Yំa\\*lpտq|}\r|`\\\q\G\\,)\}\r|\\5.-\\f{Oy\}Un=ӧ\KEq>Gٟ\\;_`\0>|9\?\j]\Z+U>\N\5.-\\f{Oy\}U,Cqq_\H\\\\\\1D~|Cqq_\H\\\\\\\O{\O_\r=\=\\dg\\\jF~_\>F\\$g\\\j\%TZ9\0w*\\\\ͧuݟU.־\m<{\\0\\J5:\ch\"K\l6~\ޫ}x]\\0ؕR\k\\\\Ǻ\\\Īk__g6=\v\%TZ?\\0\0\0\0\0\0\0\0\0\0\0\0\0\\0\0\0\0\0\0\)#ٿ\5r\G`\0\0\0\0\0H\$\0\	\0\0\0\0ET\0\rUP\0\0\0\0I\6\0\"*\0\0\0\0	V@\0?P\0\0\0 \0\0\0\0\0\\\0\0-T\0\0\0w\r-\0)`\0\03k\0xBhmn\0\`\0\0\0\\\28w}8p\0\0J\\0\m\K\0\0\0-\b7`P\0\0\0/]@\.M\Ԙ_8p\0\0\rpѡb$\0\0\0\0u\@2\\<z~4R\0\0\0\0c\~py3\#i\0\0P\\!\g\`\\0\0\G\`H\"\0\0\0G\\\!| +@\0\0\PGƹO\'\.N\0\0h\0+0\}C\=\0\0\0	+\0ͣ\\0#\`\0\0o=@?ı\\0S\0\0\06\r՚&,+\'Gl\0\0\0\;\e\ruKo>,\0\0\0wob\T~js\\!*\0\0\0%j\r2u\y\2vϜ\ \0\0\06\B\\mfmY\j\0\0\0\0%-q1\wW&<-S\0\0\0\0o\RR|~G1\\0\0\0\0=~O\0\0\0\0\0\\\tգH\0\0\\0\0\0\0\0\0\0\0\0\0\0\0\0\\0\0\0\0\0\0\tz\yiOp\0\0\0\0\0ES\\,\0\0\0\0À\0\\\ʀ\0\0\0Gb\0\0& \0\0\0\0qϐ\0\"\y`\0\0\0\)\0\0	/u\0\0\0\\0\0v \0\0\0|H\\\\\|\`\0\0\0>6\0ӧ\\hW*\0\\\0\0\0Μ\wM1@;4\\0\0\0pP\@k	/{\0\0\09>\0WmD\0ףv \0\0;\6ތʽ\E\\0\\0\0o5|H=٫t\ü\\0\`\0\0I\&9\1.y~$5\`\0\0_^\ʪJWq\	_u\0\0\00z\\Ȁ\0\0\0i<\0\ĭ\\>n\0\0\0o5|:|+t\\"\\0\0v\\03=aV\\\ \0\0Aπ	ߢ+u\\\0n\\0\0\@O\\\\\0\0\0>x\\0\8\0\Ӡ\0\0\`>2\3˻h \rǡ.\0\0\0	\n˧99<.,k1z3\L\0\0\0\8\K\\_\jpi\Zɴ}؀\0\0\0B\;\\\\oSEn\\,$\\0\0\0|\zhk}D\\-p\r.\\0\0\0\0Dx\`-Xϑ\Ej9\_\0\0\0\0\rnfܻSɨ\0\0\0\01uش,o\.l3\0\0\0\0Lk\\^/&\0\0\\03\0\0\0\04D$@ %0!5C\"P1A#\\0\0\0z\b+MG/u\\\3z\b+MG/u\\\3z\b+MG/u\\\3\b3]-x:\Ê0\\^ 47\e\r\Y\"ǩj{ʼ\B\ZZU\̱~\FX]uS\t\0ɂKK`KQim\ŗ[q\Xm\no>#f\\jP\fkM0\i\c]bo<A{M0\i\c]bo<A{M0\i\c]bo<A{M[\^\Z\6R([Z%TO\\7;R\\b\-j(D}\\\\{Fr\\YfѪ@%b!+T\0ĶѪ]\\rJY{,XERZ]0rh\nV{k,\5HlD>\j\\5Q?k\\VK/eѪ@+SFA\\Z\\19\ro~S\ek##\ܻ]n~\γm$kXN;\%G[t7	\$l\4,t2͗j(D}\\\\{Fr\\YfѪ@%b!+T\0ĶѪ]\\rJY{,XERZ]0rh\nV{k,\5HlD>\j\\5Q?k\\VK/eѪ@+SFA\\Z\\s/x\reF\0-ܭRwX\\\F\'\w\\)e\a;KbW|Bv\kN1+\>\/;KbW|Bv\kN1+\>\/;KbW|Bv\kN1+\>M_\\\\-eIƉfy\1-G	\+Ƨ>A[%vk\U\N\ؕ\bw\\LJυ\\N\ؕ\bw\\LJυ\\N\ؕ\bw\\J\ߠ\J#BavE\ߤ|q3\0\KeſIh\;ʡMwNF\ߠ0B\(4\\P]e\!\k\*?\\qo\D\ZSjӑ\/%\P-\n\r9yT)lYn-Hw\\Z\9ʡO\\\[n\\l\ls	\\<\|\V7\y\\9KОR%\P-\n\r9yT)lYn-Hw\\Z\9ʡO\\\[nڧt\in-\c	yT+~A(^U\na\[~Ƹ\rS\0-$A\*6\9\Z[~\^U\n\ߠ\J#BavE\ߤ|q3\0\KeſIh\;L\W|\^\}\+7\g,\W|\^\}\+7\g,\W|\^\]f+\ád|\yّ^㾠K\\%܅X\c\\"\\\TxX\]\0a\9g\\"\\\TxX\]\0a\9g\\"\\\TxX\j\5\E\5CH\\\\yh\Z\_j\HFyh\Z[j\Gf\ի\\f\sj\\k1eʋj\\j\\d.\/\0>j\|2\	\FD\ͫWŰ\2>\ի\b˕\\r#G_\գ\k4]~_]!}e?]+\=Q\\"8\l[sVH\iOpG\QQ\,kZ\ZFGͫG=\h#TC3ͫG\\\\#T\'E\Z=76_\7\\FVY.T\\#T4~V{%\uF}tgV\ѕFN4z&nmZ-oW6]&\\Fi\Z:/6KY\R\\\6\_+R+\>!;D\\\\'T\uʝ+\>!;D\\\\'T\uʝ+\>!;Dǖ\\C&d|ͤ<\\/y\2\\,$W%dtN\1;\q	\&%{\\\eilJN\1;\q	\&%{\\\eilJN\1;\q	\%pU\\~\\\e\\j\\\05\\h\ڹ\\r{\\r\_v*\vs\\\o?\n_\s\\\\nc\m\\\l9?\nm\W;\\q;_v\WZ\鹯$?\\\;?)\N\<c\~5\qjW\\\;_櫂\\W;[O\k[k\\\\\N\\k\0\'UVnkUVpm\'W-j\k\'k5\\\0*\U}75\\\F8}6\g\\"\\\TxX\]\0a\9g\\"\\\TxX\]\0a\9g\\"\ǟ8\Zhλ\0R\\6\x/\KسSZ骃\JX\]\0a\9g\\"\\\TxX\]\0a\9g\\"\\\TxX\\FՉ\+EHQ\mP|\1\0&smPd\\G_b\ګcb\Z/smU3}VG\ڠkYZcM!MV\ڠ\k5aZ#T\͵V\,Ŗ^Z\ګ%fV\'!FW澡_\\\\\̙\?\\mY/\U6S[M?\ƚC͵@\j\\"GM~jY-h\"͵VJ0\NZ*Bj{\\fxEi45[j%Ն8Eh:S6\[Z\xEkja\X\"T\Z=\\6\\0\_\\\Zij6\\0KYR+\>!;D\\\\'T\uʝ+\>!;D\\\\'T\uʝ\fG}[m\;֤\q́\|Εu\RbW|-\_*vį@\\RbW|-\_*vį@\\RW@2\\Gt\U)\ntc@6.QC?␧I|q\n|\\R\\\!FAP((\\8\gB\\rK~\\\x)\_kB(.\l\!F}(qHQT!\_G\ZIwd\0z\nAy(\Ẉtz\#\u:K\hS\\]\rx(ϴ\)\n2\nd0G\F\ƫ<R\ƀm:\\\W{\!N\ZG\u\le)\n3\\0G\B.QQq\:1N(!\\HS8օ:g\\"\\\TxX\]\0a\9g\\"\\\TxX\]\0a\9}8\Ǜw\<$#D\0)o\\c\EifC\W@o\Y\117\ \&C\W@o\Y\117\ \&C\Te\nݵQw\\\-}\\!Y\-Ol\\0Wջja0l>!S.\bZ\oݵQ\\\+;e-`ݵ@\n7߶ZMݮi\G\ZQ	O?MM\[c햧\PQv\\0+\\0\~\jݵK\0ɶZ\r\U}\x\\-R\k\nڨ\lab\\0nڠ{\\-[v#\06\S\1Ajｖ/;e[\vm\Um,BJvį@\\RbW|-\_*vį@\\RbW|-\_w\_\[\\\0-\v\"Y^Y|\[\LN\\BuI^Y|\[\LN\\BuIz\b+MG/u\\\3z\b+MG/u\\\3L2\;my$\>I0\?t\rke\o~m\\\[t\\"\hP?\1*d.Պ\\r\=f1\&\\\hx\\r\=f1\&\\\huZe\h\ N\Xb[h\D\sZ,,\"\F\nGܭL.9j+Q̽\5m\ZP\"rI\cKm\Z\nw+Tń[h\ QP\# P\\\k5\e_|Ϩ0Q0\o#sO۷W?@\x\%\L+\\0Rk\\\t\0\<l\@T\">\m4\\\\{Fr\\YfѪ@%b!+T\0ĶѪ]\\rJY{,XERZ]0rh\nV{k,\5HlD>\j\\5Q?k\\VK/e)\[\LN\\BuI^Y|\[\LN\\BuI^-,	%\Zy7og\yM˾C\2\A/G\?΍\xǟ\'3xHyYڪ\+Kuʝ+\>!;D\\\\'T\uʝ+\>!;D\\\\'TſAAG/*0\퀋-ſI\\\g9T)\0\ˋ~ \\rwBT-ſA}Pa/*qo\Ph%\ʡL0`\"\qo\C8\\U\n?\ߤ4p\P\;#Kqo׫\C\w|\T\5\W\nM:\/]!CK\'\^G<z-\c	yT+~A(^U\na\[~Ƹ\rS\0-$A\*6\9\Z[~\^U\n\ߠ\J#BavE\ߤ|q3\0\KeſIh\;L\W|\^\}\+7\g,\W|\^\}\7\\\BM:\ę\ec\'&bE9&a?d H3\\pgFQd\\]yVL垳\}Q\\bo<EtL垳\}Q\\bo:\ի\b˕\\r#G_\գ\k4]~_]!}\գkenVa\d|#UͫWIŗ*.\ZFGͫG=\h#TC3ͫG\\\\#T7fՏ%!W|\Ȯ\0\\\1?\o)%f\G\5\\ڵt\Yr\\Zh\pڴs\-f\5K\?ϣ<ڴp_-~\5BtQ\3sj\l3}̏jj\5\E\5CH\\\\yh\Z\_j\HFyh\ZZ\-^	\&\'}!:į|[T\-^	\&\'}!:į|\#\\\y x} {\\\\7L\0>4\rZ\cw|w;\\/;KbW|Bv\kN1+\>\/;KbW|Bv\kN+\'k5\\\0*\U}75\\\F8}6\\\Ó\૖\sW\k\pU>\k\pU>j\ju!\%!/1b\'z?=3\-ɉ VZj+\\\Z\g݂9\Kw጗0o\\9g;\\q;_v\WZ\鹮v\WZ1\鶮v\\\\\\\n\\;[O쫂W\\\;_櫂\\a\}Q\\bo<EtL垳\}Q\\bo<z)#CK\\o\\tF\6\vq\׎i)\a=4c@&\=2ѯp\YEw\7\\"\0\}r\YEw\7\smU3}VG\ڠkYZcM!MV\ڠ\k5aZ#T\͵V\,Ŗ^Z\ګ%fV\'!FW͵@=\\<\"ƚC͵@\j\\)m\^B&\\~32m?#Ƽ]xH\@˭\K\,$E\+ȩ8V\".R\॰^Wq?\#\\\uֹ\FՉ\+EHQ\mP|\1\0&smPd\\G_b\ګcb\Z/smU3}VG\ڠkYZcM!MV\ڠ\k5aS%z\\'h\\nS%z\\'h꒵\0ֵ\o_#\S\_\xݣ\ǆ\t>+a,v\0C}/_\/触+_al[\|5K\*ii\S;\.+\\\$\O\ǯ\\nvį@\\RbW|-\_*vį@\\RW@2\\Gt\U)\ntc@6.QC?␧I|q\n|\\R\\\!FAP((\\8\gB\\rK~\\\x)\܁l\ZLM4\0r/\z}A%fkuͼ>\?Tׅ-_\&mx}_\\\Y_pﰖ+4\*x(\*\\\Z;\ZHS\Z\r\]\:K\hS\\]\rx(ϴ\)\n2\nd0G\F\ƫ<R\ƀm:\\\W{\!N\Z鞳\}Q\\bo<EtL垳\}Q\\bo:\tS\\'\r\\,\\:\NxՃ4\zj\B\!\\O2֒E\&Fw\\\y:\\j׋\Zg\\"\\\TxX\]\0a\9g\\"\\\TxX\mR\0F\02m\ *bv\E\{,^6v\T\\۶2\Xgl>b^\V\]M\LPnڨ\e\\\j]\v\G}3-yZm\#\n\ćbe\$lbq*Da\\⟆<LS?\fZ\01nM\\\^8\U\%\\\\\-~\]M\LPnڨ\e\\\j]\v\F[c햧\PQv\\0+\\0\~\jݵK\0ɶZ\r\U}\x\\-R\k\nڨ\labS%z\\'h\\nS%z\\'h\J\4\\?c^.\j\_P|\u7x\x\W\1!\/z\\(\\]\=\|~F\)N\ؕ\bw\\LJυ\\N\ؕ\bw\\L3\c]bo<A{M0\i\c]bo<A{LV5\D\X-#K1\RM\\\\\">7?\P\"i\m\a\(\?\}u\)p\YEw\7\\"\0\}r\YEw\7\nV{k,\5HlD>\j\\5Q?k\\VK/eѪ@+SFA\\Z\\s/x\reF\0-ܭRwX\\\F\'\w\\)e\av\O}\Bxd4$\\u\M5\]u\O\0	o\\O \\\s/x\reF\0-ܭRwX\\\F\'\w\\)e\a\5H@T\">\jav\=UZe\h\ N\Xb[h\D\sZ,,\"ԧilJN\1;\q	\&%{\\\eilJN\1;\qR}s\\<CF\"ߣ\0j\i\H\V\}iJS%z\\'h\\nS%z\\'h꒸\(4\\P]e\!\k\*?\\qo\D\ZSjӑ\/%\P-\n\r9yT)lYn-Hw\\Z\9ʡO\\\[\"߭e	ĀH.hlelki\㦿+Mt\\0Z|!\m\\=+\\\L\UI~A(^U\na\[~Ƹ\rS\0-$A\*6\9\Z[~\^U\n\ߠ\J#BavE\ߤ|q3\0\KeſIh\;L\W|\^\}\+7\g,\W|\^\Z[JR\5H\N\>JK\0\?\\_\\0hGۮ\\~+}+M &\117\ \&C\W@o\Y\117\ \&CmZMf,QpP\4u8^mZ9얳E\\\Z\\ўmZ8/FV\\Z:(\虹j\G\5\\ڵt\Yr\\Zh\pڴs\-f\5K\?ϣ<ڴ`Z\C\a~73AMk\0z\0\:릚k\\\C?\\Lnf_//&,\ի\b˕\\r#G_\գ\k4]~_]!}\գkenVa\d|#UͫWIŗ*.\ZFGͫG=\h#TC3ͫG\\\ԧilJN\1;\q	\&%{\\\eilJN\1;\q~(Mu\tw\\'\\(\f\Uk]t\Mu\_\_i\d?\\rbJ\5\[\\\ilJN\1;\q	\&%{\\\eilJN\1;\q	\%pU\\~\\\e\\j\\\05\\h\ڹ\\r{\\r\_v*\vs\\\o?\n_\s\\\\nc\mN {\w\;\0lb*5\\\0\Ѯ$?\b\0\LhY\\u\\m(\A~\n\\;[O쫂W\\\;_櫂\\W;[O\k[k\\\\\N\\k\0\'UVnkUVpm\YEw\7\\"\0\}r\YEw\7\<;i]\-+dDl_̇_\\7#\E;hP[z\b+MG/u\\\3z\b+MG/u\\ja\X\"T\Z=\\6\\0\_\\\Zij6\\0KYp\4u.m1f,\6\Y(\7ڱ8Eh\n4zmU\4\\\nm\0,V\Kt\]}^\O͟ᓶɡG?|D_Kh\p?\\ΓXe]u\ګ%fV\'!FW͵@=\\<\"ƚC͵@\j\\"GM~jY-h\"͵VJ0\NZ*Bj{\\fxEi45[j%Ն)N\ؕ\bw\\LJυ\\N\ؕ\bw\\Lz\qw#$Xt-&Bu\\\\\R\aR\\n\%l\d\0\\^\\\#\-^	\&\'}!:į|[T\-^	\&\'}!:)\n2\nd0G\F\ƫ<R\ƀm:\\\W{\!N\ZG\u\le)\n3\\0G\B.QQq\:1N(!\\HS8օ>Q$ KnAZ&a	֚i!\)0HcMc\E2\G%Q␣ C~h\j\!Nhӥ\?H~\wR\/5O~]v6Y␣>\JP~(\*\\\Z;\ZHS\Z\r\]\:K\hSz\b+MG/u\\\3z\b+MG/u\\k\Ȏ\'\\\QQ=\:eђ\\L\Km\\R\SGqu\7|0\YEw\7\\"\0\}r\YEw\7\nڥ\`\0d\-O@T\\Xl햩o\\mTe0\n\\j|\e7mP\\r햭\Te\nݵQw\\\-}\\!Y\-Ol	j\"\_\_\r/\_봻Ake\I~W񤏅4\n7߶ZmR\0F\02m\ *bv\E\{,^6v\T\\۶2\Xgl>b^\V\]M\LPnڨ\e\\\j]\v\F[cҝ+\>!;D\\\\'T\uʝ+\>!;D\\\\'TX..tؔb&A\\"\E|4\\|5Z\?\u\0ie\I~L\\q\Ye¢˨\eilJN\1;\q	\&%{\\\eilJN\1;\q	\&\117\ \&C\W@o\Y\117\ \&C\Uhnǫ\\\:/Ȅ\05M4Z%\I~O^?\{\ئL垳\}Q\\bo<EtL垳\}Q\\bo:ܭG2\Yj	B؈}\\\'u,1-j~\qܭR^\mTDB#\V`\5[\^\Z\6R([Z%TO\\7;R\\b\-j(D}\\3˭\"\b1\\\K\\n\0M\)4:U\i-\^&\j^EVH1hI\)c>\m~>kO`\TbI\PSǐF\4am)\# V\j9ͣTJ\C\V;aamU\\jXm\Z\n *r0`\ѪܭG2\Yj	B؈}\\\'u,1-j~\qܭR^\jS%z\\'h\\nS%z\\'h\\}~\nz\\\YpO1)\|t^W mu\c4\?.\dV\\ϓF\dtX\0N|R+d\\~i\\VW\\2ǛM4d&РG[K/7%\\\\eilJN\1;\q	\&%{\\\eilJN\1;\q	\%qo\Ph%\ʡL0`\"\qo\C8\\U\n?\ߤ4p\P\;#Kqo\_TKʡ\\[\Z	DrS.\\[\5\sB\\l\\"\r\0\yT)N\\\\[7\\04- ߑ5\\E\2}KL\J\e&\t\Z\Z\K+^;\s2\zTq\|?\:0v\\7\\'⵻m\\\qev\c\n\07B~YX\\\ڧt\in-\c	yT+~A(^U\na\[~Ƹ\rS\0-$A\*6\9\Z[~\^U\n\ߠ\J#BavE\ߤ|q3\0\KeſIh\;L\W|\^\}\+7\g,\W|\^\}\+7\gxvEK|\c2\R\\8Aے=/XK+c[U&u5k\a\Mt\]5\0M[n]E\ŮԵà\\y/}۝=\\tAu<wz#mL\0/x73Q]\0a\9g\\"\\\TxX\]\0a\9g\\"\\\TxX\j\5\E\5CH\\\\yh\Z\_j\HFyh\Z[j\Gf\ի\\f\sj\\k1eʋj\\j\\d.\/\0>j\|2\	\FD\ͫWŰ\2>\YO\Ȓz\\\m\U[4fzݒ\ZC\_@\oK /%]v\\0\׿KuQ\\#\!gYGӱV5[]v鮚kPIOK\'\rM?.\1~6 >ѥ\]\ڟ\闌׭*J\i\\\Z:(\虹j\G\5\\ڵt\Yr\\Zh\pڴs\-f\5K\?ϣ<ڴp_-~\5BtQ\3sj\l3}̏jj\5\E\5CH\\\\yh\Z\_j\HFyh\ZZ\-^	\&\'}!:į|[T\-^	\&\'}!:į|[HV]ߘ^\'0dI>}=|q/\\\z\?E557\tz\0\Ku\K:hkFM\`\:\z\0.\\\\ۍ\Ǎz\\\\\|%Y_TU\N<\:K?\\z\;b>/\y$EWEP&\'T\uʝ+\>!;D\\\\'T\uʝ+\>!;D\\\\'TW\k\pU>\k\pU>j\ka\\pU\m~ڹ\ૉ\\s\ʸ*\~M\sj*юMs\*嶿m\\\pU\\~漱|6\\x\~\\Zjَs2c2\\[q\0O#h\\%\\B\Q\&T\Cͭn]uV\KT5\Mt[~6\\\+̼\/\"=!\OBWW<{\|w\|k5\!o\0\W\QDȎZ5)~\_^9tbbS\㮕>j\ka\\pU\m~ڹ\ૉ\\s\ʸ*\~M\sj*юMs\*嶿m\\\pU\\~\\\e\\j\\\05\\h\\\W|\^\}\+7\g,\W|\^\}\+7\g,ǔ|[c\Z\\{y\\/n\ƤT?\P/;=fg\K\\ky\\0	4%\0\r>]t\[\[t\0ifߥ\\OV\n\wz\^\\\oze!y\*/_\SM`\&C\W@o\Y\117\ \&C\W@o\Y\117\ \&CmQobp\Rhp<\T\-~3\+Li?ɪ\\T\0Y-f1\+Dt\\꘹\Ř֋\+\\\Ud\j\\(\\\yZVgV\HU\0Z\XcV飯\1smU1eV\FՉ\+EHQ\ǋ\ë`ecr,\\E\\F\\\\kx߭2*\0:\'o\m\\e5\\].\\4ڿM=\0^&ELcAf\i\%\\藒eߥep\UOO!Xa]{\C-4\\\nm\0,V\:h\L\\\Ulb\YkE\mQobp\Rhp<\T\-~3\+Li?ɪ\\T\0Y-f1\+Dt\\꘹\Ř֋\+\\\Ud\j\\(\\\yZVgV\HU\0Z\Xb\-^	\&\'}!:į|[T\-^	\&\'}!:į|[T\-^\\[mj\ɥu\xq\\e\f\"X\2\SU\0OMm[|\[ni\>\r:bMH\\J\cPZ\e%\k2t\j\d,R-$O\\hRBv\\\\\'T\uʝ+\>!;D\\\\'T\uʝ+\>!;D\\\\'T\!FAP((\\8\gB\\rK~\\\x)\_kB(.\l\!F}(qHQT!\?J4wN5Y␧F4i\\?s\)\nt\\ZЧ\?K`,HQh%(\?\\Rd\0\arҍӍVx)э\0\tǓ򥵱٘9(\RG$\a\B\_\Tͥ鮗i\\\9\g:\07ͯշMl\J\0ۥz\;G/*<뮖\\IH\\\>t\rS\\ox_\5b\Z\э\0\tG\\B%ƴ)\\\\<Rg\	Jr\@2\\Gt\U)\ntc@6.QC?␧I|q\n|\\R\\\!FAP((\\8\gB\\rK~\\\x)\_kB3\c]bo<A{M0\i\c]bo<A{M0\i\c]bo<3\Pn:[\>B+\_\jJ\?*J\or\p\I\"\\ntuZ\˯\\m\5s\\ u\\5\Y+\\^ZV2/m4v!S\Z1њ\k\Z\^\}\+7\g,\W|\^\}\+7\g,\W|\^\}\\]M\LPnڨ\e\\\j]\v\F[c햧\PQv\\0+\\0\~\jݵK\0ɶZ\r\U}\x\\-R\k\nڨ\lab\\0nڠ{\\-[v#\06\S\1Ajｖ/;e[\vk\b\u/J|&V\e:㈓\lMx$1\^78O\~6iͦ[k\SyOYY_*es7b\\V\4\M4\U\0LPnڨ\e\\\j]\v\F[c햧\PQv\\0+\\0\~\jݵK\0ɶZ\r\U}\x\\-R\k\nڨ\lab\\0nڠ{\\-[v#\06\S\1Ajｖ/;e[\vm\Um,BJvį@\\RbW|-\_*vį@\\RbW|-\_*vį@\\骥P*\QҰ>A\7~c\;AqvݥZ\\kmޜ\\\	\E\'\MIz8_\0ʤ[\RK\U_\\\5\\"ǀzU\x`)N\ؕ\bw\\LJυ\\N\ؕ\bw\\LJυ\\N\ؕ\bw\\L3\c]bo<A{M0\i\c]bo<A{M0\i\c]bo<A{M\_Q?{y:k\|L\0EI\պ\06\S/\K5ֿI\4_\PU+%j\\\}\0?\G\0xowk\cMp\YEw\7\\"\0\}r\YEw\7\\"\0\}r\YEw\7\nV{k,\5HlD>\j\\5Q?k\\VK/eѪ@+SFA\\Z\\s/x\reF\0-ܭRwX\\\F\'\w\\)e\a\5H@T\">\jav\=UZe\h\ N\Xb[h\D\sZ,,\"\F\nG\-G;^g\?\g_1|\3*\L7^\n]ld\\\\ =EҗK\wȉd&m]u]n.\\\#\MLxg\8İ\f\\]u\\1y\}Fr\\YfѪ@%b!+T\0ĶѪ]\\rJY{,XERZ]0rh\nV{k,\5HlD>\j\\5Q?k\\VK/eѪ@+SFA\\Z\\s/x\reF\0-ܭRwX\\\F\'\w\\)e\a;KbW|Bv\kN1+\>\/;KbW|Bv\kN1+\>\/;KbW|Bv\kN1+\>\/.Hy/H.\g\oZBR\-	_\\"$hU\0p}d\@\\R1/)L|tbB+\Ug\	+.ݟ+U7	\&%{\\\eilJN\1;\q	\&%{\\\eilJN\1;\q	\&%{\\\eilJN\1;\q	\%qo\Ph%\ʡL0`\"\qo\C8\\U\n?\ߤ4p\P\;#Kqo\_TKʡ\\[\Z	DrS.\\[\5\sB\\l\\"\r\0\yT)N\\\\[\\0\WQ\,$;\q\P\0s[.-H@7\U\nmSr4@1ſAAG.t\.?#\'3\R\R\0҇\Z\0J~s\\\\l\韨\\\/sǧ\tyf\}J[\0´]|Tz~G\\Y门ݥ/<\6\\י\!\0\\햆=\W\Z-OI(t\M\\=*KoBT-ſA}Pa/*qo\Ph%\ʡL0`\"\qo\C8\\U\n?\ߤ4p\P\;#Kqo\_TKʡ\\[\Z	DrS.\\[\5\sB\\l\\"\r\0\yT)N\\\\[\\0\WQ\,$;\q\P\0s[.-H@7\\\0M\0\0!1QS\Ab\"#2B\@a 0qPRTs$3C\\4drc\\0\0	?\0\]\t9ޣv|\\/\\Iz9{C\7oW\\]\t9ޣv|\ݯچ/IClJ\R^\m\B\\\\ Hfjnhb<JؙB[\nƍ*ekA\	^Jҟ{N\\sＵs5hqCaY:\]hp9\޽lo1; \\8db\Al¶\Z2?sk\\7[\Zx\Y\0RT+\\ͣx)\\P\Vin%I[j\n\ns]\ݺ\\\Qzw\\\ݽ\Ͻۡ\\\\~\|\zM\\\\\ݺ\\\Qzw\\\ݽ\Ͻۡ\ա8R\ڂ@P$5Vg|[mR%$k5hk\)A\\\\bp*\\\ŃܘC^qI.6T\\&NR*\\өm\\,$C^qL8)\)$NVg|\ry\<ږ\$\n;\4\\lb)#YC^qJ8\#sVg|,t\\\MZ\ZIu\!2rVg|Kn\'d$$\\rZ\Za\!N(II u;\5hk\)\Ե6	$@U\!\\c`	I\Z\Z\ZPuApq\n;\5q`ä&&bj\לRK\r61	;\4\[q8!$I\'0j\לS)\nqE*JIU\!C^q^ӳ1\u /vՙ\k?)QhnĂ\f@2(\Zizt8TO\-.d\ZYB\\)ڶ`6=H¢j\KV\Be|\0	pbH?\Iu!@\$c*;\4\[q8!$I\'0j\לS)\nqE*JIU\!C^qO6I$j\\r6\k JH\j\לR\\U\!\'13V\]@l$LU\!Rۉ\(Y	\"I9V\qHS)RRH b\\rZ\Zy-M$I#Pfw\i\\+X)RFV\Pp-F \\\r|X0\=ɉ5\\a%MBd\\"\\r:\N)B\II\\Z5\ÊBQJA\fw\j\לSͩjmA (I\Z3CM\)ZH55\ꃀ\l\18fw\k\\I\LL\ա8P	*lb\')oQ\\\]<\\\0\\\]\H\~\\ۣ\]\]<\\HtW\Q\\\]<\\\0\\\]\\0\yUZTRX$0uu\\E\=kQR:YĵEJQ\I3m\HZR\r{B\TC\q̃V\m!!Q$Aԩ4d>v\ޣ\\Pty\0k\n\\9\\Gzyv\ޣ\\Pty\0k8֚\XZ\ `$\\it1#Q8ֆ\nAH2 \L\*\_G\>h\Lq\'+F/Lbd\*\M\eqR8֞¶Д)8IU?®\z\P\kY\:?®\7Sj2s4\z\ѡH)B$I]+\hccG\)$h֥\	R\0\])l0@r4\z\\V\\'	0R \UҘ\OZjmak8\'QUҜ\\\n`FNf\OZ\Z4) \Vd3O|M,Lbe1Ğ\ZԼa1R@O\'+*$	#N\0mA),0A	P\Z\r	\"F\b\"\ĥ%:gZ~i\0;\)H\0\G*w;j\Ha\0Rb[i\%JT0Fz?®\z\P\kY\:?®\7Sj2s4\z\ѡH)B$I]+\hccG\)$h֥\	R\0\])l0@r4\z\\V\\'	0R \UҘ\OZjmak8\'QUҜ\\\n`FNf\OZ\Z4) \Vd3O|M,Lbe1Ğ\ZԼa1R@O7\HF\OZ{\n\BP\&\nDT\0\nSI\MCm-g0d\4\0\nS\\\aL\\\I\CF \n̐u&itŏ\Q4l8֕Z&1JHn\/\\Iz9{C\7oW\\]\t9ޣv|\\/\\Iz9{CFKl\uz\'fZ\T\^΂G\X:\?\\n6\\F\\"\0ֿVkJAq.\N\k\/\\Iz9{C\7oW\\]\t9ޣv|\\/\\Iz9{C\i:i$\0VY\Z=)HR	$xa\m6\\@I:B\\\@˲vӍx\\b4y\i|Z!(Hѐ\FF}k\)N7\϶)|Z[a\B\^\'6\\Hp)\[I \0\n\\r8׉\JB\\I$\hi|Z\nI\\B]k\K\0\\M\:\	BF223이\^\'!Jq\'}M\:\\tL\\Z=)|ZCN\I\0\0UpiƼOJR\BI\'\{@\M\:\(RN22이\^\'{Xql\\C v\ɚ	qħFZ$n\\g*8\[(J\̟\e\)qHb[vBQl@\0>v\/\(\\Kk\!Hnd$}ᇴ\r۾$\	s!.\\N5\zW\\v\m\h#FCN\qҐ8\\P>ئ\im:K\n&@Vb`Sx۾!Am$\0*\84\^\')\nCs!$\=m\h)\'HKvN\qҽ,F8öcm6\\D%	\Z2\\ϲvӍx)\b0Y\6\\Kl!\\\HQ2k\\i:i$\0VY\Z=)HR	$xa\m6\\@I:B\\\@˲vӍx\\b4y\i|Z!(Hѐ\FF}\\9\\Gzyv\ޣ\\Pty\0k\n\\9\\G\*H\Zbڣ@ٽ\.;]=@\?\\ib]\nS\FrKD\\\ZZR\RDB*I\]\Pty\0k\n\\9\\Gzyv\ޣ\\Pty\0kW\?9\\Yx\0֏I\\}\P6UK\\qbs\eYx\0t?\86UH\\8br\eYx\0\Ia\}\r6UV|ZN\"p~jыC0\ÜL՗Mh^,Q\\eZ?4.?\'9U_C\eZ?4.?3\'(UN\FQ\\#eZ?5gšx\\\b*\\W\?9\\Yx\0֏I\\}\P6UK\\qbs\e3\\%:Fܽ\i.,&\IP贖\#\Zm=ڂ~;JT\FI1\\^È\\{*\\\Ჭ\\Fę\F{*\\tzO(\\둲\\\\<X\p\1e\UVZN\fkGb>*\\q819\粬:\~*\iqI19DgwG0\>\*\>-\Ŏ\'SV^?\Z?5hšpD\\&j\\zO(\\j\\^È\\{*\\\Ჭ\\Fę\F{.\/\\Iz9{C\7oW\\]\t9ޣv|\\/\\I\0j.\F7#Ry\\z\\-j\z\r@f\\6\uQ\Z6jdjP[{G*ގF\\\\\\n\z\\tWw&\\\n\}\\f\ݽ_;K\w{\nގF\\\\\\iZCaڊA4\#-Jq,\']M\z\	BF22흴\#{Y&qdF\m։Bt`7l\)(R*xb\#m6ׁ\Kp)\P\0\n\E8\\M\z\t\RI)jSda8\mրJ4l\+\\\\3;\"6\mxJgm8\\IB\AP$\aiZ[N\ \0UR)\|GJm֐\C6ddbM8\\KRo\#	ŗdVM4i\,r\}Օk2TO\KB\`u-{A\Ҝi[\ҽ,Γ8ò#m6ׁ\DI:0\@϶vӎ)\r\O1vk\(\0Y\\"w\t\=i\r:Cj)@VF$ӎ)\P0YvE6ׁ\@%	\Z@[\\˶vӎ\\ft\iZ%\nIр\B}w\tHn }ደ\^-@q@\0*\)\#6ׁ\Hl!\QH21&w\tN7򅑄\˲)Z(H\\FF]w\tK3\0\\M\z\(RN3흷oQ\\\]<\\\0\\\]\H\~\\ۣ\]\]<\\HtW\Q\\|{\0\sbGKZ\?\\\ͥ\5@3\;:G\rv\m\I\\0\\\\.\Eۤrzww}B\\\.\ޞB\\]G+\ww\.\b\\0\\\\)%up)iV\"`H\O9\$Fb\WZNj^\) ٧SҾ&1L\WZ:4)D@VdSO7\\%I\Z1Į\6\\0&O1Į\-*\L\Z\1Ę`H\SJ\IѭKU8$\4\0\nzW\\\\)6SJ\GF (\n̒5iĩ#Q8֝\YB`$\)8֙¶ХX#]=y!HSI2\\\u_ځؔď\i_ڱڕԚBQ͕@\\˰bWZ:4)D@VdSO7\\%I\Z1Į\6\\0&O1Į\-*\L\Z\1Ę`H\SJ\IѭKU8$\4\0\nzW\\\\)6SJ\GF (\n̒5iĩ#Q8֝\YB`$\)8֙¶ХX#]?\6W8\0L	c]i:5x\n{f\OJ<8>\3\\c]h\ФYFMۥ\7oG#ws\v\s7wF\\ߺ_+ޓvr7w>n3w{\nޯ\i\"9\R,\%6f	ɴ\VZ\˄\X\`\\\@Z5yGh\\n\z\\tWw&\\\n\}\\f\ݽ_;K\w{\nގF\\\\\\j\\\\)\nq!IR՝ ۉ\@	\"HV|\]@l%ÈL\՝ -11V|\PpNF e&\y8\a% JA\*\\\-jm%DI\Zɫ;^AV|\qHS\nJH F\y4\NZ\0I@Ȋ\4\eA.Bdg\y|XhɈ\4ꃄbpb1)5gk\)Ŷ\\A)RV|\mKSi*% H\MY\\n<I\\j\\\u\\t\ҴYmKb\;\C\՝ \c!	H:Z]e-MI#Y5gk\*\\\\)\nq!IR՝ ۉ\@	\"HV|\]@l%ÈL\՝ -11V|\PpNF e&\y8\a% JA\*\\\-jm%DI\Zɫ;^AV|\qHS\nJH F\y4\NZ\0I@Ȋ\4\eA.Bdg\y|XhɈ\4ꃄbpb1)7oQ\\\]<\\\0\\\]\H\~\\ۣ\]\]<\\HtW9еcZN}\\Ҳ\\\q	prU\\HtW\Q\\\]<\\\0\\\]\H\~\\ۣ\]\]<ۥ\7oG#ws\v\s7wF\\ߺ_+ޓvr7w>n3w{\nޯ9a)\	Lv\ 8id6\~T\{nK`\^\h\0\nV\{ay+I\a\BNb{HJA\n2\?Q$ \u\J\I<\\Ny	q\ą	;+\7oW\\]\t9ޣv|\\/\\Iz9{CC^qO6I$j\\r6\k JH\j\לR\\U\!\'13V\]@l$LU\!Rۉ\(Y	\"I9V\qHS)RRH b\\rZ\Zy-M$I#Pfw\i\\+X)RFV\Pp-F \\\r|X0\=ɉ5\\a%MBd\\"\\r:\N)B\II\\Z5\ÊBQJA\p=l\Ϩ:RJ0\0m50FKN3cGch<\0\uegV,jRL^\u\\\\&%`\8\$\(9?bMZ}}H3`\9\cĕ{\Y\Sm\\,$KR{qa\!N(II u;\5hk\)\Ե6	$@U\!\\c`	I\Z\Z\ZPuApq\n;\5q`ä&&bj\לRK\r61	;\4\[q8!$I\'0j\לS)\nqE*JIU\!C^qO6I$j\\r6\k JH\j\לR\\U\!\'13V\]@l$L]G;v\w\oO!ww\.\#\s\n1w\vw}\"\T$\nG\~\\Y\B{?L羹\~\M,Y\]vGvX\\n\"?cHM޵aDN\\N\Ժ\)3h:\ZYB\b\rۤrzww}B\\\.\ޞB\\]G+\ww\.\b\\0\\\\)$\	2u\Z])\o.0\d\i$BRfH:4\0\nW\\\\\(6SI\JѭK\$\4\0\nSx\\\aT0 \i$%\nN`A\O1Ğ\6\\\q&NO9\\\Z\1Ğ4hR\nA\Rf\WJ<X\F\c=iZ5x\c;&\WJo+*&1Ğ\(K\\d\nq\'@\%H8)\8$u~\`\ͩ\"}G7\\XM\$\%i\E1ĞI\L:t8֚\XZ\ `$\\it1#Q8ֆ\nAH2 \L\*\_G\>h\Lq\'+F/Lbd\*\M\eqR8֞¶Д)8IU?®\z\P\kY\:?®\7Sj2s4\z\ѡH)B$I]+\hccG\)$h֥\	R\0웷K\w{\nގF\\\\\\n\z\\tWw&\\\n\}\\f\cy+L2Vv%MN\\"g:Č\`m@:)xuD)L\$v]jCPZBdF)ěk?\p;?HN\\\\08֒v(di\lZ\ZC\0Dc9\|\\/\\Iz9{C\7oW\\]\t9m\֐\S@\0e\ZqҔ!I\6\n\n%̄\'m8׉\^#Ga\1wuddg\;iƼOJB\1@N,bwu\.$(YN5\zSn\0\0,\Ӎx)\r̄O0wuP!.d e\;iƼOJ\Z<\ٍ۾$h\s##>\\N5\zRT\\l\\0D+<ot6ZG?L\\ljSmDjS&A\B-_\s)Yr\$\e\Tgȥ\.$(YN5\zSn\0\0,\Ӎx)\r̄O0wuP!.d e\;iƼOJ\Z<\ٍ۾$h\s##>\\N5\zR\0\qg\۾-Iq!D\\n\L\nqқwu8\-\0Ygk\!Hnd$}ᇴ\r۾$\	s!.\\N5\zW\\v\m\h#FCN۷\ww\.\b\\0\\\\.\Eۤrzww}B\\\.\ޞB\\REȔf\"JU\0\\nJ#\Gl[\G٬\CV\"9q63\L!&!5fHK\*\Y%l>\(QWh %\։\WEmJ;UHjؓeT\\ n\\9\\Gzyv\ޣ\\Pty\0kW\?9\\Yx\0֏I\\}\P6UK\\qbs\eYx\0t?\86UH\\8br\eYx\0\Ia\}\r6UV|ZN\"p~jыC0\ÜL՗Mh^,Q\\eZ?4.?\'9U_C\eZ?4.?3\'(UJ	KL-\\-	1(\*QJZ4\#H}G?\K/a FmZ\\\)\a\\M66JR\0U?c|A1 8\ \Zg#R\a	}\R\݆E\ۭ\"N0RH\"\\Bҡ)&A8Pz\ڌ* uv\\W\?9\\Yx\0֏I\\}\P6UK\\qbs\eYx\0t?\86UH\\8br\eYx\0\Ia\}\r6UV|ZN\"p~jыC0\ÜL՗Mh^,Q\\eZ?4.?\'9U_C\eZ?4.?3\'(]_+ޓvr7w>n3w{\nޯ\7oG#ws\v\s7,cZ@u\V2GU4\\	Hh$9hyo(\'P+8\?g;hXRC$\\9 1:\\=mAt6Ot\rބ\wZɲ\mIHYI	~\\bLf^^_ҫ\X_R0\m\\\I\0RU~\|\zM\\\\\ݺ\\\Qzw\\\ݽ\Ͻۡ\\mx\! +#i\|GJZ\(YN,\"k -\de\;i\|GJ:L\ȍ\^$\o!>\\N;\:RP7T	>\\F\m֖\S8\0gq\қk6\\rYN;\:RԧB\\qe\\^\0$io##.\\N;\:W\gvDm\=h)\'Fy\\q\\\t\V+..q\J\0@?J\'\0\!}n\0ڗf\!GjH\07bSeZ\6\ڔٴ$\\i\Q#[#s;IeL!\0$\0)WTSIHX$Ȥ:\ԅ\J`qT\?\m)#\n\d*	\Z\\Jxin\\$t\=i\r:Cj)@VF$ӎ)\P0YvE6ׁ\@%	\Z@[\\˶vӎ\\ft\iZ%\nIр\B}w\tHn }ደ\^-@q@\0*\)\#6ׁ\Hl!\QH21&w\tN7򅑄\˲)Z(H\\FF]w\tK3\0\\M\z\(RN3흷oQ\\\]<\\\0\\\]\H\~\\ۣ\]\]<\c$QK?\r\'?&ك\0W\\g\"G\0\0	{,\n\ՙ:dM?\\k_\\\0B։\\MgjV\MӨ.\"\V$A\\\2\\֠b=\Yӧ\0%\\'\\)-I\\QU\s\n1w\vw}\"\\9_G;v\w\oO!Lq+3mKJ\"F=)\lq&\03\\tkRN)I\?4xp}1g協\\ѡH\n\"$j=)o.q*H\`d)%ua\P	05=)%up)iV\"`H\O9\$Fb\WZNj^\) ٧SҾ&1L\WZ:4)d@VdMZ>--\%)1\ZQSQZu(\?P\m\ v]Ϸ=<_O\67:KaKT\0$ҘRHP;i\\!)#\n\!)%up)iV\"`H\O9\$Fb\WZNj^\) ٧SҾ&1L\WZ:4)D@VdSO7\\%I\Z1Į\6\\0&O1Į\-*\L\Z\1Ę`H\SJ\IѭKU8$\4\0\nzW\\\\)6SJ\GF (\n̒5n\/\\Iz9{C\7oW\\]\t9\lk\0\˵۟M+*uINJ\n\r\\\]h̐bSL\\Tk\_ \\gXy|)~;}\?K\c~\jrp2\jq\a% \0M{.\ayH}in\\\YNb@X\vYCC\0%7n\\ݽ\Ͻۡ\\\\~\|\zM\\\\\ݺ\Z]}\!N$)*Q u\Z\\[q8ah$I\"*\\ҋ\rq	\Z\qcţ&\"&*\\\C\՝ \c!	H:Z]e-MI#Y5gk\*\\\\)\nq!IR՝ ۉ\@	\"HV|\]@l%ÈL\՝ -11V|\Xp#2ΙBj\I?K\.$!\0\k\nG5-]Q\&\z\kh\\\PJI\\'\i\V\FlG:j\\ϰ\\\ɳ0\{1.\tm-Z\\$\'SyIQu*lM,I\?J\d\mO3%2s:Ouiw\i8D	\j\אSIm\ᅠ$KsJ.6T\\&Fpj\אWŏܘKsI8F\'#2Vv[m0% \iw\iԵ6R	$d՝ KsO)ą%J$NVvKn\'-\0$ dEZ]Qu!23Vv,x~\\D\Z]HuA\181\ww\.\b\\0\\\\.\Eۤrzww}B\\\.\\x}\\?`\\0JrԲv6\\3zc\\/I紭!1n,\֓KQ\\\$+\u]*]|DƼ?WF {Idش\ww\.\b\\0\\\\.\Eۤrzww}B\\\.\ޞB\\]\t9ޣv|\\/\\Iz9{c`\#G\@6O\0ЕZ\\-!	R\@\'\n\0$\0\lL!HHRZՄfT\/\C(qG^@ؐTO++FZ\&\?ݺ_+ޓvr7w>n3w{\nޯ\7oG#ws\v\s5hk\)\Ե6	$@U\!\\c`	I\Z\Z\ZPuApq\n;\5q`ä&&bj\לRK\r61	;\4\[q8!$I\'0j\לS)\nqE*JIU\!C^qO6I$j\\r6\k JH\j\לR\\U\!\'13V\]@l$LR\ng\\'\Lde?ꔀokI\ok>i^4bob2\0!(\\6VJ\hk\)\Ե6	$@U\!\\c`	I\Z\Z\ZPuApq\n;\5q`ä&&bj\לRK\r61	;\4\[q8!$I\'0j\לS)\nqE*JIU\!C^qO6I$j\\r6\k JH\j\לR\\U\!\'13V\]@l$L]G;v\w\oO!ww\.\#\s\n1w\v\\())>lvG@\ۄa?\\*?\0\G\\9\\Gzyv\ޣ\\Pty\0k8֚\XZ\ `$\\it1#Q8ֆ\nAH2 \L\*\_G\>h\Lq\'+F/Lbd\*\M\eqR8֞¶Д)8IU?®\z\P\kY\:?®\7Sj2s4\z\ѡH)B$I]+\hccG\)$h\R2\0읔q6BFj\0҂Z#\\0ծ\'Dp-R\o0Tn\IA(H%JQ\0\M\\\N\\O\\\\GL\M1Ğ\6\\\q&NO9\\\Z\1Ğ4hR\nA\Rf\WJ<X\F\c=iZ5x\c;&\WJo+*&1ĞI\L:t8֚\XZ\ `$\\it1#Q8ֆ\nAH2 \L\*\_G\>h\Lq\'+F/Lbdݺ_+ޓvr7w>n3w{\nޯ\7oG#ws\wcci\mj\'$\$\Z\r$Y\\%\\\\j^m(Bv$gI-YBˍE}?M^\Z|\\]\t9ޣv|\\/\\Iz9{C\i:i$\0VY\Z=)HR	$xa\m6\\@I:B\\\@˲vӍx\\b4y\i|Z!(Hѐ\FF}k\)N7\϶)|Z[a\B\^\'6\\Hp)\[I \0\n\\r8׉\JB\\I$\hi|Z\nI\\B]k\K\0\\M\:\%	s##>\\Kl\0\ria܉\:?[\"?ꂁ\0c\0]\\9f4c\"Ni\u\0\M\:\\nt\H\0N5\zR72I>\\\m\ցBtd\\Z=+\\\h;f6\nBP!̌\'m8׉\HRo\(	şlSn\%ą +10)ƼOJm\֐\S@\0e\ZqҔ!I\6\n\n%̄\'m8׉\^#Ga\1wuddg\;nޣ\\Pty\0k\n\\9\\Gzy\nԋ*\0Va\:\n\nIR\C\\&.0k \0\'{JYmK¥a\n dڣJNOvd7\Ͻ\\s\n1w\vw}\"\\9_G;v\w\oO!V\Z1h~&8s)\Ŋ0ڠlW日\\0\\3ʲ+\\qlW摥\&p\\ʲ)\\Ê0\lW\?89LEYx\0j\գ\a8/\\\>Xʵp~iz\\#Ns9\/\\ʵp~i\Z\\gNQ\/´4W\+{RII8,?\	P>3ﾠG\~Ij\vv\_ҁFUj\գ\a8/\\\>Xʵp~iz\\#Ns9\/\\ʵp~i\Z\\gNQ\/\\\>8Fʵp~jϋCcÔ\UV\Z1h~&8s)\Ŋ0ڠlW日\\0\\3ʲ+\\qlW摥\&p\\˷K\w{\nގF\\\\\\n\z\\tWw&\\\n\}\\f\ږ@\\HW\Յe\	_o	S{\i0(l\\ux\?\0ũԳ<~\|\zM\\\\\ݺ\\\Qzw\\\ݽ\Ͻۡ\\mx\! +#i\|GJZ\(YN,\"k -\de\;i\|GJ:L\ȍ\^$\o!>\\N;\:RP7T	>\\F\m֖\S8\0gq\қk6\\rYN;\:RԧB\\qe\\^\0$io##.\\N;\:W\gvDm\=h)\'Fy\\q\ґ\r?cJ1v\\|*P.Ȁ\'52\n\0MF\\\ug\ P\~ d\\n\\\)\g1қk6\\rYN;\:RԧB\\qe\\^\0$io##.\\N;\:W\gvDm\=h)\'Fy\\q\Ғ!I.\6\mx\\0@\0<S\^!HmE \\n\Ěq\Җ8\\F.Ȧ\=h#Hyv\\q\ҽ,Γ8ò#m6ׁ\DI:0\@϶vݽG;v\w\oO!ww\.\#\s\n1w\v c\^-j\p\\V`\RN؊TY-=\\f\\1R\;V\8⊔~\@[+PX\[k\\0\0p7\Q\\\]<\\\0\\\]\H\~\\ۣ\]\]<1Į\-*\L\Z\1Ę`H\SJ\IѭKU8$\4\0\nzW\\\\)6SJ\GF (\n̒5iĩ#Q8֝\YB`$\)8֙¶ХX#]?\6W8\0L	c]i:5x\n{f\OJ<8>\3\\c]h\ФYFM?z\fu\nR\\"R\PaI0G\$*+\q=Ga&#j_\SҙC \~V%)\Z~%N-A	H\T\0RE3D B\:=)%up)iV\"`H\O9\$Fb\WZNj^\) ٧SҾ&1L\WZ:4)D@VdSO7\\%I\Z1Į\6\\0&O1Į\-*\L\Z\1Ę`H\SJ\IѭKU8$\4\0\nzW\\\\)6SJ\GF (\n̒5n\/\\Iz9{C\7oW\\]\t9\'&kG@\4$\6Vhyե:\\TN:\# 8\\ڝpH\'[*%K%J1ԦYk_|DV\"ߺ_+ޓvr7w>n3w{\nޯ\7oG#ws\v\s5iw\i8D	\j\אSIm\ᅠ$KsJ.6T\\&Fpj\אWŏܘKsI8F\'#2Vv[m0% \iw\iԵ6R	$d՝ KsO)ą%J$NVvKn\'-\0$ dEZ]Qu!23Vv,x~\\D\Z]HuA\181\\\la )P)n\\'\0	\Ĵ\\l_\]UG\\0A\NG)ͨ\\\\0{\T!\{ \0\3)OI[R\\JH$5Vv.\>␧(A:Y\\ni-0\0$iw\iE\ʂ\\8\\\rY\\n8\\iw\i!\\\\bRj\אSmRB.\2ږ\TJA$\iw\i8D	\j\אSIm\ᅠ$KsJ.6T\\&Fpj\אWŏܘKsI8F\'#2v\\ۣ\]\]<\\HtW\Q\\\]<\\\0\\\]\\\ǸЇXp(Obc?Xn_xʾO\P5\\=\?\\@0HH\QČ\$\ZCMd a\0\#\s\n1w\vw}\"\\9_G;v\w\oO!v\|\zM\\\\\ݺ\\\Qzw\\\ݽ\Ͻۡ\ݬ\?`s?XݭOg(8P\r\=\r\0ݽ_;K\w{\nގF\\\\\\n\z\\tWw&\\\n\}\\f\ry\<ږ\$\n;\4\\lb)#YC^qJ8\#sVg|,t\\\MZ\ZIu\!2rVg|Kn\'d$$\\rZ\Za\!N(II u;\5hk\)\Ե6	$@U\!\\c`	I\Z\Z\ZPuApq\n;\5q`ä&&bj\לRK\r61	;\4\[q8!$I\'0j\לS.*\jN4D\V\A)_;%\'XìҨ%)\0\i0j\D-c{$\\0װ)Z\ƴ\ $֤F\C\@\k\6I:Ԕ`Q;ILM{!Cg\0a*kJ_е)t\#R\z\u\\ZE%*!*&I*#j5\ÊBQJA\fw\j\לSͩjmA (I\Z3CM\)ZH55\ꃀ\l\18fw\k\\I\LL\ա8P	*lb\')fw\iԶ\qJBHN`ա8R\T\'X3CV\mKSj	@H\Y\Zmm1J\\n@ա8Tg93C_:Orbf&\ry\$\ISc9Hzww}B\\\.\ޞB\\]G+\ww\.\b\\0\\\\.\Eۤr3l\0>\'P\`T`fh:\ 8S;	T\ZJ,\DjըeV]\8t*\5\\\Z^D\IV\#YzF\t\/\0\*\0˼\0mZi+ 6S\Z\i(&I20+VS%vuA&F4\\\nsP\d$`\?DS0G-\ك\.\#\s\n1w\vw}\"\\9_G;v\w\oO!Lq\'5\r@I\*\Ncyq0F\'3Lq\'\r\Zd+2AԙUҾ&?1D|Ѳ\OZVj^0\) ɧUқ\\\\n	#Lq\'=m(Rp\"])$\	2u\Z])\o.0\d\i$BRfH:4\0\nW\\\\\(6SI\JѭK\$\4\0\nSx\\\aT0 \i$H[iJ\'ZDJҲJm\Bą9J\\Ȁ\JT9\\\c\PBDMY\\;%\>  \̭Bk\\im1b\0?4mTg\nI\U\OYA;Z\\A\\0.\\0rf\\-͇b\KW\noTQ\^\QmJM: +\0n*\aO7.4UF>\̪p\\j\!~\M/D\\r %F:o+*&1ĞI\L:t8֚\XZ\ `$\\it1#Q8ֆ\nAH2 \L\*\_G\>h\Lq\'+F/Lbd\*\M\eqR8֞¶Д)8IU?®\z\P\kY\:?®\7Sj2s4\z\ѡH)B$I]+\hccG\)$h֥\	R\0웷K\w{\nގF\\\\\\n\z\\tWw&\\\n\}\\f\ݽ_;\V4\0ˍvu\T\"s9\\lc|%2\08R &c8Kg%v@(܁\\\T	2\\`-1*\\4 \P%D\0̓@U\Gj\\ 8\\\ݮ\\\TN*Cc$$c,\LPd*\')\"\m\p\frU\0b30~&\{F\\]vFm#\o>+ޣv|\\/\\Iz9{C\7oW\\]\t9m\֐\S@\0e\ZqҔ!I\6\n\n%̄\'m8׉\^#Ga\1wuddg\;iƼOJB\1@N,bwu\.$(YN5\zSn\0\0,\Ӎx)\r̄O0wuP!.d e\;iƼOJ\Z<\ٍ۾$h\s##>\\N5\zR\0\qg\۾-Iq!D\\n\L\nqқwՐ\04\-nhF\\\\0Ҿ\t7ge\Yԑ1\00i*\\\BcuCQY\Z\0@o%G\!ן\S7|\0[1\0\0u\2	\Ĭu#\0aFJso\\)!j\I\\'-#X)y \\%\-6Юn}̻?\B\\&B\$\(\ښ}Y\F6Gʤ\s#6lGz\\0\G:6\\̌\'m8׉\HRo\(	şlSn\%ą +10)ƼOJm\֐\S@\0e\ZqҔ!I\6\n\n%̄\'m8׉\^#Ga\1wuddg\;iƼOJB\1@N,bwu\.$(YN5\zSn\0\0,\Ӎx)\r̄O0wuP!.d e\;iƼOJ\Z<\ٍ۾$h\s##>\\v\\ۣ\]\]<\\HtW\Q\\\]<\\\0\\\]\H\{A\=\ZuQJ%j,Y_P\\rĝGK\"\bYDao2~Qր8޴Z}`.S X\-z\{3Rթ)YmK{\lXmQy\\u(\rVu (D\\rI2\	!C-Z<E(CN\'\PT\ + jO\.)=\3ѤhNJQQ!Q=\\Z)\RTpD\')\\l5k$\JQ\Z[gm\i*\\K, Yt\RN[+Kr-v+Bq65dRҤ0A*G--\+\@ \]\\@\>rI\08S$6f\vɴuV\A@Ch\Z[\\]\H\~\\ۣ\]\]<\\HtW\Q\\\]<\\\0\\\UVZN\fkGb>*\\q819\粬:\~*\iqI19DgwG0\>\*\>-\Ŏ\'SV^?\Z?5hšpD\\&j\\zO(\\j\\^È\\{*\\\Ჭ\\Fę\F{*\\tzO(\\둲\\\\<X\p\1e\UVZN\f,B|EJ\m\\\"{AHP=\N\\^FS:8\\eJZr\\u(\eh6\HyI\M#\Yu,XlM[^j\ͥ\\m\\$,~\\"E iXlִ6N<)Jq&\p\RRs\5l;\rd\nJ^A<\Γ%2\*ׯ$	NNհgP\ZJvÖ+\fIB\nBQfBcZ((@HpWǱ>Sm\\i2\0p8\n|c6^l.!M8ʱ?qDIk\-Hq\n\nJHRT3\0%A*Ԥ\S\by\~TfT\.l\y\	S\/Y#!V\#K\L\\#=e\S=\'чau\\V\Yh~,q8r*\F-\Â\'q3V^?\5\}xF{T\rj\\F\s\V^?\|\?\rj\\4$\3\V^?\;\}qFw\\j\՟\\\)/\\\b\L8\"p\5e\SZ=\'׋a@\V\/K\\a\g=e\W\\0|\\V\#K\L\\#=n\\ݽ\Ͻۡ\\\\~\|\zM\\\\\ݺ\\\Qzw\\▽\Vl\[Kk\L-K+(q\֤iZ,\)\J)EdN\j}F\'\ZeԭiFd\n~,Z؛RVjTj\nHF\r\\Zd[\m)\K[J\. \n#HN$\f6P̬\"JT@j\0\3\\\$	*	6F#(D\\\0Ġ|0JBdӫm\j[\\7.\aHQI\Co\q I\'P\cX\rZZA\b\\4\رZjYr1ˮ\n#\qI\25\0\\eN\P$҃!\1\'\&{C\7oW\\]\t9ޣv|\\/\\Iz9{C\=i\r:Cj)@VF$ӎ)\P0YvE6ׁ\@%	\Z@[\\˶vӎ\\ft\iZ%\nIр\B}w\tHn }ደ\^-@q@\0*\)\#6ׁ\Hl!\QH21&w\tN7򅑄\˲)Z(H\\FF]w\tK3\0\\M\z\(RN3흴\#%\nCq@\]m\=in:\0VyH)ZCaڊA4\#-Jq,\']M2ϵZ\r`av\\+i\\--+B*JY\\K\r#5tJS0U37bq\66$ 8(9}8qe\BBIR\0fOu\N\\\$\'\D3ۅ* \nBO\\b#$\r)!@( 2?hIL*XE\\\B8_q\\\wt\HJJu\f	>\\G#M+a\Sin\ӖechƐ\"	Z@f\+\n@*R\B\eN:1A\i\c\J:L\ȍ\^$\o!>\\N;\:RP7T	>\\F\m֖\S8\0gq\қk6\\rYN;\:RԧB\\qe\\^\0$io##.\\N;\:W\gvDm\=h)\'Fy\\q\Ғ!I.\6\mx\\0@\0<S\^!HmE \\n\Ěq\Җ8\\F.Ȧ\=h#Hyv\\q\ҽ,Γ8ò#m6ׁ\DI:0\@϶vݽG;v\w\oO!ww\.\#\s\n1w\vw}\"\\9_G;r>\ee\\9UlZX^^~\\Q](K.0C4FG\Z\6*Ma\)\ \"}lbڔ \\6u0H\\\AҶ\l\Cb*\ZKP\RP\'!\\ey:\Ͽ\n:!@\\=\\'Z`N\P$x\c\f\b*\Q4\ҕ\@4&\ol%Z]^&%\âUH\\n6Ong\a\:\ƴH-<\lD`\0#\nz\갡	\zQC\\q\\4\0ηGzyv\ޣ\\Pty\0k\n\\9\\Gzy\nc]i+m\nZU)5\)\Nces08֓ZqJH\'iÃ\S?,l8֎\n@Q$kT\)\M\ysRF!Lq+;\r IS)\Lq+3mKJ\"F=)\lq&\03\\tkRN)I\?4xp}1g協\\ѡH\n\"$j=)o.q*H\`d)%ua\P	05=)%up)iV\"`H\O9\$Fb\WZNj^\) ٨E\\RaՉ?1Y\Xͷ>*\\r\0\\-Kqj*RdG2I?\Q\,\&\D D\x*\\\^\\\0a~\2\	4U}$\\B\\BA\\2\03Z\\0	\6Ngq/{]7ZRS._x/(B@NLaI\\\\'qg\g_pu>B/Ŝm\'\Z6u\(C@\L>[q\'F/T┐Ol\)\_G\~X\Lq+\Z +2H֩Sқ\\FB\WZvmeAXSҘ\WZg\n\Bb&\nDt\0\nzS\\\\L0$f)%u\֥\*R	\=+\h\c\\)%uBDfI\Z\4\0\nzSx\\\\T\SJ\N\m0`k\0\nzSJ\L\[hRҬDH\OJs+I&\1Į\ZԼSRA=O|MLbce1ĮthR\#Z\\]\t9ޣv|\\/\\Iz9{C\7oW\\]\\8	!IXy$f\r%Vd\%\\n{F\\fZSiO̰\0	\\0-\IE\սU\#\m\**1\L\	$m\RiC	T\\Nsu\{\xI=A\\\5\\,6m\1iJm% $	$\\0Q`~r;\g\H\--#\8\C\nnI{)8ʭf\Z\\\\:0\Ze9\-GZNk\7oG#ws\v\s7wF\\ߺ_+ޓvr7w>n3w{\nޯ\7oG#ws\v\s5iw\i8D	\j\אSIm\ᅠ$KsJ.6T\\&Fpj\אWŏܘKsI8F\'#2Vv[m0% \iw\iԵ6R	$d՝ KsO)ą%J$NVvKn\'-\0$ dEZ]Qu!23Vv,x~\\D\Z]HuA\181\\\la )PKsLI$k&\yZ]}\!N$)*Q u\Z\\[q8ah$I\"*\\ҋ\rq	\Z\qcţ&\"&)խ*BH \Ƽv2a\ک:\ϰ\)y\0%$\N\6,\\i[g\\v\mdѓ\n&=\V%gg\0=B%1\ gfdN\Pk2\NY\\r\\IF+2>蒐oW\Ե,?oe\2R\0v@\y\\nnȕbm?H\G24VIÆb#e0ߐSIm\ᅠ$KsJ.6T\\&Fpj\אWŏܘKsI8F\'#2Vv[m0% \iw\iԵ6R	$d՝ KsO)ą%J$NVvKn\'-\0$ dEZ]Qu!23Vv,x~\\D\Z]HuA\181\\\la )PKsLI$k&\yZ]}\!N$)*Q u\Z\\[q8ah$I\"*\\ҋ\rq	\Z\qcţ&\"&*\\\C\ݽG;v\w\oO!ww\.\#\s\n1w\vw}\"\\9_G;v\w\vy\nZ\	[\[4!dS*T{k\\\,m\(\T2)@\\\\nH\r:^r\Y-\RݴX\W\V\U\0`j\G\\\)}\M\\juDY\{ee\\0$\0j\0\\kO\?\#\G\0RmƉq\-8g\"BjMCN-$¥!;\\s\n1w\vw}\"\\9_G;v\w\oO!ww\.\#\s\n1w\vn\\ݽ\Ͻۡ\\\\~\|\zM\\\\\ݺ\\\Qzw\\\ݽ\Ͻۡ\\\\Zk\	YX4N,\Y𪽘m\h\\r\L\0xk\0	2`cvnX}i0	RP;M0!)׫8i\ih\\\_-	\n8\\ *_\/A \0\\ \=?\+|f \*w۞\hemcrĔ;	QqCߺ_+ޓvr7w>n3w{\nޯ\7oG#ws\v\s7wF\\ߺ_+ޓvr7w>n3V\mKSj	@H\Y\Zmm1J\\n@ա8Tg93C_:Orbf&\ry\$\ISc9H3CNPDs\ry\0␧RA:\Y\Z5\jZPH\nF*\\\kmVRf\ry\(:\8[8A\Y\Z8a\{15hk\)%\\J\\EY\Zu-R$5hk\)8%$	\*\\ա8R\ڂ@P$5Vg|[mR%$k5hk\)A\\\\bp*\\\ŃܘC^qI.6T\\&NR*\\өm\\,$C~aM9&\'X\"粽O\oE+2e\c2gm7ĜdPBFY\dg۬ۍ&\nTAl?\$(kQ\NjSE\Wm8\m#g\$Ђfgj:٬eYXi\0\\\"4\\\%D\\'Y\'wmiP\\qŨJR$e+	*j 쳣0\"\4\0zXX-3\Z4f%&\n\\x%\8	&5ա8\\ZT\RRH b\\rZ\Zy-M$I#Pfw\i\\+X)RFV\Pp-F \\\r|X0\=ɉ5\\a%MBd\\"\\r:\N)B\II\\Z5\ÊBQJA\fw\j\לSͩjmA (I\Z3CM\)ZH55\ꃀ\l\18fw\k\\I\LL\ա8P	*lb\')fw\iԶ\qJBHN`ա8R\T\'X3CV\mKSj	@H\Y\Zmm1J\\n@ա8Tg93C_:Orbf&\ry\$\ISc9Hzww}B\\\.\ޞB\\]G+\ww\.\b\\0\\\\.\Eۤrzww}B\\\.\ޞB\\]G+cJRC@\UtB\\+۶dY\\0%.\R\\{Y7N2\\ۡ\ln1iiLڅG(i26\\D\kT<$SJ?؊\R\P\ۤSG\\9]ǉ-FI?\`\mN=\NH@$ױMִwڏ\qԫRk\6lU\0ñ\0b@pV⿵Iaؽ\\0ڍq#x镹\\w}\"\\9_G;v\w\oO!ww\.\#\s\n1w\vw}\"\\9_G;v\w\oO!Lq\'5\r@I\*\Ncyq0F\'3Lq\'\r\Zd+2AԙUҾ&?1D|Ѳ\OZVj^0\) ɧUқ\\\\n	#Lq\'=m(Rp\"])$\	2u\Z])\o.0\d\i$BRfH:4\0\nW\\\\\(6SI\JѭK\$\4\0\nSx\\\aT0 \i$%\nN`A\O1Ğ\6\\\q&NO9\\\Z\1Ğ4hR\nA\Rf\WJ<X\F\c=iZ5x\c;&\WJo+*&1ĞI\L:t8֚\XZ\ `$\\j\\\\Z\{.\n\bԆdہ\c\\:({9\يv4\\W\\dG\-D\<z\n\m\7VΟ\(X\z\lvl95\0ee\T<B+\^ѲɁԟ\uu {\r>д\0f\\0\\\\\SN8H$ G\^\\`\0h5\0\0uc]-4D\z\dG.ȯ,lǢSQ\\\n#\7a\"\\^\\9[\\{E\k*;T\բ\g\}`H!YYCM9!\0&\WJ\\-_4l8֗qK\JHvS*\M\eqR8֞¶Д)8IU?®\z\P\kY\:?®\7Sj2s4\z\ѡH)B$I]+\hccG\)$h֥\	R\0\])l0@r4\z\\V\\'	0R \UҘ\OZjmak8\'QUҜ\\\n`FNf\OZ\Z4) \Vd3O|M,Lbe1Ğ\ZԼa1R@O7\HF\OZ{\n\BP\&\nDT\0\nSI\MCm-g0d\4\0\nS\\\aL\\\I\CF \n̐u&itŏ\Q4l8֕Z&1JHk\\0>\0\0\0\0\0\0!01A \"@Qaq#2BPRr34bsCc\\0?\0\\\NmL\<1G3X\*\\Z\#\i\zN|M7S\_ى\0-w1j\>UD\0\1&D\)a|M\CrLwYI=\ᴹ]MM\	6)X,Yy\\l\0\0\0\r\\N-4Jة\\v\lKT&jЉ/\xQ\PS\$\p\A\RT1[I\r䧻w>A\VC\ǉ\0\\P;~WH2Ce\ؒ7\$R7L,34\\p6\0\n\\1\\'t\lMH\Ha,/5/\\=J8\0(\0\\\R;:\08)\0z1\\c\1i,h,,;Nm@&CS:q\\0.N2AI:\\\`\@\A\d\0!A\v\\\ox\ݓR\\u#\\\7#R\To\'yٹJU\%\Y\4F\\\qK\P4׿q\T \'6U\UN2b,A\@\(\54qq\\\\4gse\⾽\=QӣQ\"\JF\9\\:\TZ:\;<\ZT>/\Y\iB@\\p\Ȫ	S1\\]g\0M]d\l\\тIk!$\0I\Tze>ytYE؀;\* JssŰ\Ո`o|RO\®w\>c\\\l蟮ȀAQs5E\\\R@\	:UKP\\y*+]I\Aip\\,\9<S\?\"1JmS\0\]uX~ZTK,i0\0\0\0\fD\n\ZHL.\\~\zaM\␃WN\W</[sڨJl\'\$z8܈!6 {\ĜeNo*_U\a z\\0r)ZCiDa#	`u29J\0C\'\΅\\\\ڲz\<\l\ۊ-\0\-@\Z\b\\X\'Y<r/nOB\M?;laz|\n,6#\.zZ\U3 x\:\'bE\6^\~]rJ\M	\\ͨe+YNO\6u4\U\\TF6\3<c\It\G\%,PUʦJE~\$_P\\Mj;wBX߹7\0\/\h\Qօ\tC*5\\\\3߄k8l\pG\\]Nv@?-[:	\I\m$52\J,\ߘ\yOC\,\\-A?/\iKT{\\\y\PI	:Ѯ<\>\W3R~a\q42\\LM<!\%\$Z)J\\Z\"\0\0pfH\0yꉥוO\\ \'SͲ\:\yxAt\\OE)k=1Pw^UUP\0\0X\\\(\\?T}{`%H#x\@^6y_?\8;\\'\VI\k\=X\0\ܞ\&\ؒp\/,Vָ\Z&ڏ=D\\n\,qYf\ָ<dOK8\\V(+j@\r+0 \bN\ȏ\;\Zʕ\;(\8f.\\nI\A\c.pO]L:D.q>buiiM\C\5Fc\b\;\䭧\\ \\\ ₛD\y)M\"\y	`Tm\\9\I\_!qto0wiYL\ޭ5\\誚u{;wE\"M\ZȆ\\\YVұ\rϕXb;q8$Ve\Z\\L\\Z?|R)\T#\,k	!%t}yQ\6A\\u\ãWsHi\>X\9f`i_?\p`M\d~\=\\"+o\ƈ\n.$M	;\n67rYNlV@\T$(%\\\nw8ס_\\qX\\\ûH\\n\ܟe3\RSpu93\'хS\o\*,I&`2\\\9`Nn$N\Em\ N=b7\nXn\"\Ѧreq4\O#I#](3))GDxqXxA$NN3\'ҙP{bG۹+\J.*o\L\\0.Gp7=\ZӦn+H過+<a$y]1\O\f}8^\\3UR{ète<Ae*\Nm5\\'\a(\1cs\gTcL<0crx)\'tռx\*R^\w\=	؍ͯ\"Bx˛\=ĕ<`6\ca\\j\`Mz_+\5ď{pQ\|\1\j\\ZyI;\h\\0C\0\n\n\0\0\0\0\0!1 0@AQaq\"R2BP$3Sbr\#5t\C\\0?\0\eYY\Zw][\1Y\\n=VIc9\.*\\}DW~m\\\\V\\0M0k\U\\r1ᙘ\\I8Y\CL\\\b+\\\\j\F\\0A\\A\\"\\'J\V\#lT\v:ҪӘL4<G,s(xWS~w\֫_1\'/8\0\C\w]3\\Y#ա?r-\\fg%GCu[GW$}\dWJEv\(\+\\\${T\&\v@g/k1\\p5/\a\qi\\n5\u\Xs5w\ł\7?CA\01\k2<\ZKZF\\O\muU\wOg\yw7\\\R֖p\x1KUOYT\JD\Ue5fĶ`\dhϼF\\+1gbK1:OU\\Qr9H\5\\\Zh\\d6fUi)\\\Z\=\\#ř$䞯\J*\xS\CUU8xP\ô/׈lTC\ĝتZ/,Y\9/1\Z)\\V\0J\F\?C\\\5gvTI\כ\\j{\\-\GAP\Q\ڮQ^\Pm\\Ht`Gxӣ\O~U\\'oΩV\e\nm>T=4sGOMI+TjN,\05\BͿ\RZ\\+Ť/Q\\Z\h1QCGTJX\퐨*CImsM/v\~mev\\;\WI-*z\'Aއ~\"&%#e#쨬\t\n	\'\]nUd\;v%:x0UQ\N2\]S@z\0\\'\xs\vjk\\̠H1\ڭ\I*]$\"]=n\\26ҝmg+̨\KPD+\wy\+x7\Z\03s\2	d!\x=!\T\Z[k#\'S\e+ީm#/\ۺ\\Z\-ƚO\\fvTQb\0xѭFJ\o<\VbO)mA\\Y\n2i*\&d\\<3e0\\MA\X+Ђ8V\ne^\"R߽Q\g\PfeK\\\XlDlj\\~P\h{q6oy0-GlQ\v>[1B4\0\\'\dZ\w\Zy \r\wL\\\z\dޯIS?\\w)8v,\\i$+s@NvyF\ų^N_\+t]i\q\\)x<_gu97\nbv4h\\Nk1\c\\糣y Z\M5k\FԌ\5\?nъ)N\O\n\\VFeczhxe*\F\`~5< OgY\nB\ \H\Cֳ{qr\\T|\tKy\\T\\\4\:i\rAw(bN\0\0`\]\ \\\'\\r2|â\m\\4~+ ^6^\"\\+*	$F92\d9̨\*I;\w%<6Ё\'Wy%/0\\\0/Z̑lWDS\1m\\.ʨ\(ghC񌓘\\v\\'DZe\߉\\b\\\sTVکADgR:m=C8		\:\d>IS\\"t0૲\\-֦\\UE\Ai\]\\sKE\\\ͣ$,\\bᘳ3\z?GPkSqcD\u\w_S\\`\`ok\\\V\n\$+\=\\Mp`RTuT\\+,\\\A\d\_IiLy*mbG=o\\r%pUg\\YQ,\\|m\R\S\M,\,.)\\Ý3=e#a\B;\\\$\<wv,\vOF]@Ԓ\0ŦP[h4\0\\n\5=o9[~\;\"\%9/\\\\\_KS,2\\ZM\!h\M\\g\~N0Dցu\p\I#v:c\'\Vpҩ]c\䛺㢺28\XG\\֫U!=\GIk\02\\<7z[\0.t\\v殑t\<#]\w<\\m\n\`Mf}\3Vv\nI;\0\:!ɯ|1f\T\Slm^ _`눭v\<4\\nƠ\q<*O\\`$(\\0:\Ze\UM*R\<Hت\uq\Գ$-\n\3M;>}\r\%\\OH5\H{o\Q$1\j\"P;\0뮊\\\\n \35\\ES\Ғ𷇻\\0XPI;\0\:V#/\#\+EOL\p\\>.J{<s~\ll.O!	U>\\\ƥkaФެe**\F}^N\\qp\\$\UE?e\\o#\\0\0\OJ\\M*\0f\U\^~\zj\'\\bz*ijVl1Q\eJuB\ 0 \քM!#r\ZdFoi\0y[\CFRF\\\UNj&i;7/& \nd:\b`A&P\\\\Zh*\x*#\r8ZZ\WɂZ	hønK\ƶnui-`\\?͙h]5tlK\\<:<N\ȥ]IЂ8m_IOǕA\p\0\0̆qr2\\\iߔv%߈_9;\`5\\\Zp]d\T5>gUM>؏a\7s3]\\=v\\0	\yo/\{\Zex!:x$QUQ\\Y)\=}WM\@>tx\nHЂ82}7+q\OŶsLg^4-ާ\rD\?{aX\#\\TBMF%Hh\\HN\Z\0R\%P\\[$h>~\'LǕ)*j \"*67\\u]w{\;\2m?\'A=AeA䃚\ѿ\!J\qd<\F\X\\0)\=\\r\ 1**CCGv<^\\X\Av\n\C{62qMfI,$i\u:\\H0Q\\a\Xn ]d\G*:aT(\sR7\N[+d|UC6A#\0\0\0ALHIӊ|1%\<0A\Ohb\\')Lt\cӰG\\nG1\"C)8M|~\Z\\'\AC5:w\pQ{J@=3鹐\0\'~2@XZI\\i焷л\0p\\\(QX\'),(12,'Mahi','Dhoni','35623',29,2,7,NULL),(13,'Amita','Kulkarni','9423340553',33,3,3,NULL);
/*!40000 ALTER TABLE `expert` ENABLE KEYS */;
UNLOCK TABLES;

--
-- Table structure for table `login`
--

DROP TABLE IF EXISTS `login`;
/*!40101 SET @saved_cs_client     = @@character_set_client */;
/*!50503 SET character_set_client = utf8mb4 */;
CREATE TABLE `login` (
  `login_id` int NOT NULL AUTO_INCREMENT,
  `email` varchar(45) NOT NULL,
  `pwd` varchar(45) NOT NULL,
  `role_id` int NOT NULL,
  `q_id` int DEFAULT NULL,
  `answer` varchar(45) DEFAULT NULL,
  `status` tinyint(1) NOT NULL DEFAULT '0',
  PRIMARY KEY (`login_id`),
  UNIQUE KEY `email_UNIQUE` (`email`),
  KEY `role_id_idx` (`role_id`),
  KEY `q_id_idx` (`q_id`),
  CONSTRAINT `q_id` FOREIGN KEY (`q_id`) REFERENCES `question` (`q_id`) ON DELETE CASCADE ON UPDATE CASCADE,
  CONSTRAINT `role_id` FOREIGN KEY (`role_id`) REFERENCES `role` (`role_id`) ON DELETE CASCADE ON UPDATE CASCADE
) ENGINE=InnoDB AUTO_INCREMENT=35 DEFAULT CHARSET=utf8mb4 COLLATE=utf8mb4_0900_ai_ci;
/*!40101 SET character_set_client = @saved_cs_client */;

--
-- Dumping data for table `login`
--

LOCK TABLES `login` WRITE;
/*!40000 ALTER TABLE `login` DISABLE KEYS */;
INSERT INTO `login` VALUES (1,'ak@gmail.com','ak@123',1,1,'sheru',1),(2,'vs@gmail.com','vs@123',2,2,'tiger',1),(3,'hg@gmail.com','hg@123',3,3,'ramsy',1),(4,'as@gmail.com','as@123',4,4,'blara',1),(5,'ps@gmail.com','ps@123',5,5,'tom',1),(6,'sb@gmail.com','sb@123',4,NULL,NULL,0),(7,'vm@gmail.com','vm@123',4,NULL,NULL,0),(9,'vk@gmail.com','vm@123',4,NULL,NULL,0),(11,'vy@gmail.com','vm@123',4,NULL,NULL,0),(13,'fs@gmail.com','fs@123',4,NULL,NULL,0),(14,'sr@gmail.com','sb@123',4,NULL,NULL,0),(15,'TY@gmail.com','sb@123',4,NULL,NULL,0),(16,'BJ@gmail.com','sb@123',4,NULL,NULL,1),(17,'ark@gmail.com','ark@123',4,NULL,NULL,1),(18,'asd@gmail.com','asd@123',5,NULL,NULL,0),(20,'abc@gmail.com','@123',5,NULL,NULL,0),(22,'xyz@gmail.com','5452341',5,NULL,NULL,0),(25,'msd@gmail.com','vk@123',5,NULL,NULL,0),(26,'kp@gmail.com','kp@123',4,NULL,NULL,0),(28,'sky@gmail.com','sky@123',5,NULL,NULL,0),(29,'md@gmail.com','md@123',4,NULL,NULL,0),(30,'qwe@gmail.com','qwe',2,NULL,NULL,0),(31,'zxc@gmail.com','zxc',2,NULL,NULL,0),(32,'afewgwg@gmail.com','fefefe',2,NULL,NULL,0),(33,'ask@gmail.com','ask@123',4,2,'Latur',0);
/*!40000 ALTER TABLE `login` ENABLE KEYS */;
UNLOCK TABLES;

--
-- Table structure for table `offer`
--

DROP TABLE IF EXISTS `offer`;
/*!40101 SET @saved_cs_client     = @@character_set_client */;
/*!50503 SET character_set_client = utf8mb4 */;
CREATE TABLE `offer` (
  `offer_id` int NOT NULL AUTO_INCREMENT,
  `discount` decimal(4,2) NOT NULL,
  `prod_id` int NOT NULL,
  `validity` date DEFAULT NULL,
  PRIMARY KEY (`offer_id`),
  KEY `fk_prod_id_idx` (`prod_id`),
  CONSTRAINT `fk_prod_id` FOREIGN KEY (`prod_id`) REFERENCES `product` (`prod_id`) ON DELETE CASCADE ON UPDATE CASCADE
) ENGINE=InnoDB DEFAULT CHARSET=utf8mb4 COLLATE=utf8mb4_0900_ai_ci;
/*!40101 SET character_set_client = @saved_cs_client */;

--
-- Dumping data for table `offer`
--

LOCK TABLES `offer` WRITE;
/*!40000 ALTER TABLE `offer` DISABLE KEYS */;
/*!40000 ALTER TABLE `offer` ENABLE KEYS */;
UNLOCK TABLES;

--
-- Table structure for table `order`
--

DROP TABLE IF EXISTS `order`;
/*!40101 SET @saved_cs_client     = @@character_set_client */;
/*!50503 SET character_set_client = utf8mb4 */;
CREATE TABLE `order` (
  `oid` int NOT NULL AUTO_INCREMENT,
  `cust_id` int NOT NULL,
  `distri_id` int NOT NULL,
  `date` date NOT NULL,
  `status` int NOT NULL,
  `pay_mode` varchar(20) NOT NULL,
  `amt` decimal(9,2) NOT NULL,
  `transaction_id` int NOT NULL,
  PRIMARY KEY (`oid`),
  KEY `fk_cust_id_idx` (`cust_id`),
  KEY `fk_distri_id_idx` (`distri_id`),
  CONSTRAINT `fk_cust_id` FOREIGN KEY (`cust_id`) REFERENCES `customer` (`cust_id`) ON DELETE CASCADE ON UPDATE CASCADE,
  CONSTRAINT `fk_distri_id` FOREIGN KEY (`distri_id`) REFERENCES `distributor` (`distri_id`) ON DELETE CASCADE ON UPDATE CASCADE
) ENGINE=InnoDB DEFAULT CHARSET=utf8mb4 COLLATE=utf8mb4_0900_ai_ci;
/*!40101 SET character_set_client = @saved_cs_client */;

--
-- Dumping data for table `order`
--

LOCK TABLES `order` WRITE;
/*!40000 ALTER TABLE `order` DISABLE KEYS */;
/*!40000 ALTER TABLE `order` ENABLE KEYS */;
UNLOCK TABLES;

--
-- Table structure for table `order_item`
--

DROP TABLE IF EXISTS `order_item`;
/*!40101 SET @saved_cs_client     = @@character_set_client */;
/*!50503 SET character_set_client = utf8mb4 */;
CREATE TABLE `order_item` (
  `oi_id` int NOT NULL AUTO_INCREMENT,
  `oid` int NOT NULL,
  `prod_id` int NOT NULL,
  `qty` int NOT NULL,
  `price` decimal(9,2) NOT NULL,
  PRIMARY KEY (`oi_id`),
  KEY `fk_oid_idx` (`oid`),
  KEY `fk_prod_id_idx` (`prod_id`),
  CONSTRAINT `fk_oid` FOREIGN KEY (`oid`) REFERENCES `order` (`oid`) ON DELETE CASCADE ON UPDATE CASCADE,
  CONSTRAINT `fk_prod_id1` FOREIGN KEY (`prod_id`) REFERENCES `product` (`prod_id`) ON DELETE CASCADE ON UPDATE CASCADE
) ENGINE=InnoDB DEFAULT CHARSET=utf8mb4 COLLATE=utf8mb4_0900_ai_ci;
/*!40101 SET character_set_client = @saved_cs_client */;

--
-- Dumping data for table `order_item`
--

LOCK TABLES `order_item` WRITE;
/*!40000 ALTER TABLE `order_item` DISABLE KEYS */;
/*!40000 ALTER TABLE `order_item` ENABLE KEYS */;
UNLOCK TABLES;

--
-- Table structure for table `prebuilt_pc`
--

DROP TABLE IF EXISTS `prebuilt_pc`;
/*!40101 SET @saved_cs_client     = @@character_set_client */;
/*!50503 SET character_set_client = utf8mb4 */;
CREATE TABLE `prebuilt_pc` (
  `pc_id` int NOT NULL AUTO_INCREMENT,
  `exp_id` int NOT NULL,
  `monitor` varchar(45) NOT NULL,
  `keyboard` varchar(45) NOT NULL,
  `cpu` varchar(45) NOT NULL,
  `motherboard` varchar(45) NOT NULL,
  `ssd` varchar(45) NOT NULL,
  `mouse` varchar(45) NOT NULL,
  `gr_card` varchar(45) NOT NULL,
  `total_price` decimal(9,2) NOT NULL,
  PRIMARY KEY (`pc_id`),
  KEY `fk_exp_id_idx` (`exp_id`),
  CONSTRAINT `fk_exp_id` FOREIGN KEY (`exp_id`) REFERENCES `expert` (`exp_id`) ON DELETE CASCADE ON UPDATE CASCADE
) ENGINE=InnoDB DEFAULT CHARSET=utf8mb4 COLLATE=utf8mb4_0900_ai_ci;
/*!40101 SET character_set_client = @saved_cs_client */;

--
-- Dumping data for table `prebuilt_pc`
--

LOCK TABLES `prebuilt_pc` WRITE;
/*!40000 ALTER TABLE `prebuilt_pc` DISABLE KEYS */;
/*!40000 ALTER TABLE `prebuilt_pc` ENABLE KEYS */;
UNLOCK TABLES;

--
-- Table structure for table `product`
--

DROP TABLE IF EXISTS `product`;
/*!40101 SET @saved_cs_client     = @@character_set_client */;
/*!50503 SET character_set_client = utf8mb4 */;
CREATE TABLE `product` (
  `prod_id` int NOT NULL AUTO_INCREMENT,
  `cat_id` int NOT NULL,
  `brand_id` int NOT NULL,
  `description` varchar(45) NOT NULL,
  PRIMARY KEY (`prod_id`),
  KEY `fk_cat_id_idx` (`cat_id`),
  KEY `fk_brand_id_idx` (`brand_id`),
  CONSTRAINT `fk_brand_id` FOREIGN KEY (`brand_id`) REFERENCES `brand` (`brand_id`) ON DELETE CASCADE ON UPDATE CASCADE,
  CONSTRAINT `fk_cat_id` FOREIGN KEY (`cat_id`) REFERENCES `category` (`cat_id`) ON DELETE CASCADE ON UPDATE CASCADE
) ENGINE=InnoDB DEFAULT CHARSET=utf8mb4 COLLATE=utf8mb4_0900_ai_ci;
/*!40101 SET character_set_client = @saved_cs_client */;

--
-- Dumping data for table `product`
--

LOCK TABLES `product` WRITE;
/*!40000 ALTER TABLE `product` DISABLE KEYS */;
/*!40000 ALTER TABLE `product` ENABLE KEYS */;
UNLOCK TABLES;

--
-- Table structure for table `question`
--

DROP TABLE IF EXISTS `question`;
/*!40101 SET @saved_cs_client     = @@character_set_client */;
/*!50503 SET character_set_client = utf8mb4 */;
CREATE TABLE `question` (
  `q_id` int NOT NULL AUTO_INCREMENT,
  `q_text` varchar(45) NOT NULL,
  PRIMARY KEY (`q_id`)
) ENGINE=InnoDB AUTO_INCREMENT=6 DEFAULT CHARSET=utf8mb4 COLLATE=utf8mb4_0900_ai_ci;
/*!40101 SET character_set_client = @saved_cs_client */;

--
-- Dumping data for table `question`
--

LOCK TABLES `question` WRITE;
/*!40000 ALTER TABLE `question` DISABLE KEYS */;
INSERT INTO `question` VALUES (1,'what is your pet\'s name?'),(2,'In what city were you born?'),(3,'What was the name of your elementary school?'),(4,'What was your favorite food as a child?'),(5,'What is your mother\'s maiden name?');
/*!40000 ALTER TABLE `question` ENABLE KEYS */;
UNLOCK TABLES;

--
-- Table structure for table `response`
--

DROP TABLE IF EXISTS `response`;
/*!40101 SET @saved_cs_client     = @@character_set_client */;
/*!50503 SET character_set_client = utf8mb4 */;
CREATE TABLE `response` (
  `res_id` int NOT NULL AUTO_INCREMENT,
  `req_id` int NOT NULL,
  `status` int NOT NULL,
  `pc_id` int NOT NULL,
  PRIMARY KEY (`res_id`),
  KEY `fk_req_id_idx` (`req_id`),
  KEY `fk_pc_id_idx` (`pc_id`),
  CONSTRAINT `fk_pc_id` FOREIGN KEY (`pc_id`) REFERENCES `prebuilt_pc` (`pc_id`) ON DELETE CASCADE ON UPDATE CASCADE,
  CONSTRAINT `fk_req_id` FOREIGN KEY (`req_id`) REFERENCES `reuirement` (`req_id`) ON DELETE CASCADE ON UPDATE CASCADE
) ENGINE=InnoDB DEFAULT CHARSET=utf8mb4 COLLATE=utf8mb4_0900_ai_ci;
/*!40101 SET character_set_client = @saved_cs_client */;

--
-- Dumping data for table `response`
--

LOCK TABLES `response` WRITE;
/*!40000 ALTER TABLE `response` DISABLE KEYS */;
/*!40000 ALTER TABLE `response` ENABLE KEYS */;
UNLOCK TABLES;

--
-- Table structure for table `reuirement`
--

DROP TABLE IF EXISTS `reuirement`;
/*!40101 SET @saved_cs_client     = @@character_set_client */;
/*!50503 SET character_set_client = utf8mb4 */;
CREATE TABLE `reuirement` (
  `req_id` int NOT NULL AUTO_INCREMENT,
  `cust_id` int NOT NULL,
  `exp_id` int NOT NULL,
  `min_price` decimal(9,2) NOT NULL,
  `max_price` decimal(9,2) NOT NULL,
  `specifications` varchar(45) NOT NULL,
  PRIMARY KEY (`req_id`),
  KEY `fk_cust_id2_idx` (`cust_id`),
  KEY `fk_exp_id_idx` (`exp_id`),
  CONSTRAINT `fk_cust_id2` FOREIGN KEY (`cust_id`) REFERENCES `customer` (`cust_id`) ON DELETE CASCADE ON UPDATE CASCADE,
  CONSTRAINT `fk_exp_id1` FOREIGN KEY (`exp_id`) REFERENCES `expert` (`exp_id`) ON DELETE CASCADE ON UPDATE CASCADE
) ENGINE=InnoDB DEFAULT CHARSET=utf8mb4 COLLATE=utf8mb4_0900_ai_ci;
/*!40101 SET character_set_client = @saved_cs_client */;

--
-- Dumping data for table `reuirement`
--

LOCK TABLES `reuirement` WRITE;
/*!40000 ALTER TABLE `reuirement` DISABLE KEYS */;
/*!40000 ALTER TABLE `reuirement` ENABLE KEYS */;
UNLOCK TABLES;

--
-- Table structure for table `role`
--

DROP TABLE IF EXISTS `role`;
/*!40101 SET @saved_cs_client     = @@character_set_client */;
/*!50503 SET character_set_client = utf8mb4 */;
CREATE TABLE `role` (
  `role_id` int NOT NULL AUTO_INCREMENT,
  `role_name` varchar(45) NOT NULL,
  PRIMARY KEY (`role_id`)
) ENGINE=InnoDB AUTO_INCREMENT=6 DEFAULT CHARSET=utf8mb4 COLLATE=utf8mb4_0900_ai_ci;
/*!40101 SET character_set_client = @saved_cs_client */;

--
-- Dumping data for table `role`
--

LOCK TABLES `role` WRITE;
/*!40000 ALTER TABLE `role` DISABLE KEYS */;
INSERT INTO `role` VALUES (1,'admin'),(2,'customer'),(3,'sub_customer'),(4,'expert'),(5,'distributor');
/*!40000 ALTER TABLE `role` ENABLE KEYS */;
UNLOCK TABLES;

--
-- Table structure for table `subscription`
--

DROP TABLE IF EXISTS `subscription`;
/*!40101 SET @saved_cs_client     = @@character_set_client */;
/*!50503 SET character_set_client = utf8mb4 */;
CREATE TABLE `subscription` (
  `sub_id` int NOT NULL AUTO_INCREMENT,
  `cust_id` int NOT NULL,
  `payment_date` date NOT NULL,
  `payment_mode` varchar(45) NOT NULL,
  `amount` decimal(9,2) NOT NULL DEFAULT '0.00',
  `validity` date NOT NULL,
  PRIMARY KEY (`sub_id`),
  KEY `cust_id_idx` (`cust_id`),
  CONSTRAINT `cust_id` FOREIGN KEY (`cust_id`) REFERENCES `customer` (`cust_id`) ON DELETE CASCADE ON UPDATE CASCADE
) ENGINE=InnoDB DEFAULT CHARSET=utf8mb4 COLLATE=utf8mb4_0900_ai_ci;
/*!40101 SET character_set_client = @saved_cs_client */;

--
-- Dumping data for table `subscription`
--

LOCK TABLES `subscription` WRITE;
/*!40000 ALTER TABLE `subscription` DISABLE KEYS */;
/*!40000 ALTER TABLE `subscription` ENABLE KEYS */;
UNLOCK TABLES;
/*!40103 SET TIME_ZONE=@OLD_TIME_ZONE */;

/*!40101 SET SQL_MODE=@OLD_SQL_MODE */;
/*!40014 SET FOREIGN_KEY_CHECKS=@OLD_FOREIGN_KEY_CHECKS */;
/*!40014 SET UNIQUE_CHECKS=@OLD_UNIQUE_CHECKS */;
/*!40101 SET CHARACTER_SET_CLIENT=@OLD_CHARACTER_SET_CLIENT */;
/*!40101 SET CHARACTER_SET_RESULTS=@OLD_CHARACTER_SET_RESULTS */;
/*!40101 SET COLLATION_CONNECTION=@OLD_COLLATION_CONNECTION */;
/*!40111 SET SQL_NOTES=@OLD_SQL_NOTES */;

-- Dump completed on 2023-03-04 16:06:00
